route_vv,itinerary,dest,service_type,subservice,aircraft,status
CGKDPSCGK,RT,DPS,DOM,DPS,B738,Active
CGKSUBCGK,RT,SUB,DOM,SUB,B738,Active
CGKKNOCGK,RT,KNO,DOM,MES,A330,Active
CGKUPGCGK,RT,UPG,DOM,UPG,B738,Active
CGKBPNCGK,RT,BPN,DOM,UPG,B738,Active
CGKYIACGK,RT,YIA,DOM,JKT,B738,Active
CGKSRGCGK,RT,SRG,DOM,JKT,ATR72,Active
CGKPDGCGK,RT,PDG,DOM,MES,B738,Active
CGKPLMCGK,RT,PLM,DOM,MES,B738,Active
CGKPKUCGK,RT,PKU,DOM,MES,B738,Active
CGKBTHCGK,RT,BTH,DOM,MES,B738,Active
CGKPNKCGK,RT,PNK,DOM,JKT,B738,Active
CGKBDJCGK,RT,BDJ,DOM,JKT,B738,Active
CGKMDCCGK,RT,MDC,DOM,UPG,B738,Active
CGKDJJCGK,RT,DJJ,DOM,UPG,B738,Active
CGKLOPCGK,RT,LOP,DOM,DPS,B738,Active
CGKSOCCGK,RT,SOC,DOM,JKT,ATR72,Active
CGKTNJCGK,RT,TNJ,DOM,MES,ATR72,Pull Out
CGKMLGCGK,RT,MLG,DOM,SUB,ATR72,Pull Out
CGKBKSCGK,RT,BKS,DOM,MES,ATR72,Pull Out
CGKSINCGK,RT,SIN,INT,ASA,B738,Active
CGKKULCGK,RT,KUL,INT,ASA,B738,Active
CGKBKKCGK,RT,BKK,INT,ASA,A330,Active
CGKHKGCGK,RT,HKG,INT,CTH,A330,Active
CGKPVGCGK,RT,PVG,INT,CTH,A330,Active
CGKCANCGK,RT,CAN,INT,CTH,A330,Pull Out
CGKNRTCGK,RT,NRT,INT,JPK,A330,Active
CGKICNCGK,RT,ICN,INT,JPK,A330,Active
CGKSYDCGK,RT,SYD,INT,SWP,A330,Active
CGKMELCGK,RT,MEL,INT,SWP,A330,Active
CGKJEDCGK,RT,JED,INT,MEA,B777,Active
CGKDOHCGK,RT,DOH,INT,MEA,A330,Active
CGKAMSCGK,RT,AMS,INT,EUR,B777,Active
CGKDPS,OW,DPS,DOM,DPS,B738,Active
CGKSUB,OW,SUB,DOM,SUB,B738,Active
CGKKNO,OW,KNO,DOM,MES,A330,Active
CGKUPG,OW,UPG,DOM,UPG,B738,Active
CGKBPN,OW,BPN,DOM,UPG,B738,Active
CGKYIA,OW,YIA,DOM,JKT,B738,Active
CGKSRG,OW,SRG,DOM,JKT,ATR72,Active
CGKPDG,OW,PDG,DOM,MES,B738,Active
CGKPLM,OW,PLM,DOM,MES,B738,Active
CGKPKU,OW,PKU,DOM,MES,B738,Active
CGKBTH,OW,BTH,DOM,MES,B738,Active
CGKPNK,OW,PNK,DOM,JKT,B738,Active
CGKBDJ,OW,BDJ,DOM,JKT,B738,Active
CGKMDC,OW,MDC,DOM,UPG,B738,Active
CGKDJJ,OW,DJJ,DOM,UPG,B738,Active
CGKLOP,OW,LOP,DOM,DPS,B738,Active
CGKSOC,OW,SOC,DOM,JKT,ATR72,Active
CGKTNJ,OW,TNJ,DOM,MES,ATR72,Pull Out
CGKMLG,OW,MLG,DOM,SUB,ATR72,Pull Out
CGKBKS,OW,BKS,DOM,MES,ATR72,Pull Out
CGKSIN,OW,SIN,INT,ASA,B738,Active
CGKKUL,OW,KUL,INT,ASA,B738,Active
CGKBKK,OW,BKK,INT,ASA,A330,Active
CGKHKG,OW,HKG,INT,CTH,A330,Active
CGKPVG,OW,PVG,INT,CTH,A330,Active
CGKCAN,OW,CAN,INT,CTH,A330,Pull Out
CGKNRT,OW,NRT,INT,JPK,A330,Active
CGKICN,OW,ICN,INT,JPK,A330,Active
CGKSYD,OW,SYD,INT,SWP,A330,Active
CGKMEL,OW,MEL,INT,SWP,A330,Active
CGKJED,OW,JED,INT,MEA,B777,Active
CGKDOH,OW,DOH,INT,MEA,A330,Active
CGKAMS,OW,AMS,INT,EUR,B777,Active
