CORP CODE,CORPORATE_NAME,CORPORATE_CLUSTER,INDUSTRY_TYPE
CRP0001,Contoso Telco 01,PRIVATE,Telco
CRP0002,Contoso Mining 02,PRIVATE,Mining
CRP0003,Contoso Energy 03,PRIVATE,Energy
CRP0004,Contoso Education 04,PRIVATE,Education
CRP0005,Contoso Energy 05,CHA/TMC,Energy
CRP0006,Contoso Energy 06,PRIVATE,Energy
CRP0007,Contoso Education 07,SOE,Education
CRP0008,Contoso Mining 08,SOE,Mining
CRP0009,Contoso Logistics 09,PRIVATE,Logistics
CRP0010,Contoso Energy 10,SOE,Energy
CRP0011,Contoso Mining 11,PRIVATE,Mining
CRP0012,Contoso Mining 12,CHA/TMC,Mining
CRP0013,Contoso Construction 13,SOE,Construction
CRP0014,Contoso Healthcare 14,SOE,Healthcare
CRP0015,Contoso FMCG 15,CHA/TMC,FMCG
CRP0016,Contoso Banking 16,PRIVATE,Banking
CRP0017,Contoso Energy 17,SOE,Energy
CRP0018,Contoso Government 18,GOVERNMENT,Government
CRP0019,Contoso Banking 19,CHA/TMC,Banking
CRP0020,Contoso Government 20,GOVERNMENT,Government
CRP0021,Contoso Healthcare 21,PRIVATE,Healthcare
CRP0022,Contoso Logistics 22,SOE,Logistics
CRP0023,Contoso FMCG 23,SOE,FMCG
CRP0024,Contoso Energy 24,PRIVATE,Energy
CRP0025,Contoso Banking 25,SOE,Banking
CRP0026,Contoso Logistics 26,PRIVATE,Logistics
CRP0027,Contoso Government 27,GOVERNMENT,Government
CRP0028,Contoso Healthcare 28,SOE,Healthcare
CRP0029,Contoso FMCG 29,PRIVATE,FMCG
CRP0030,Contoso Mining 30,SOE,Mining
CRP0031,Contoso Logistics 31,CHA/TMC,Logistics
CRP0032,Contoso Construction 32,SOE,Construction
CRP0033,Contoso Education 33,PRIVATE,Education
CRP0034,Contoso Logistics 34,PRIVATE,Logistics
CRP0035,Contoso Banking 35,PRIVATE,Banking
CRP0036,Contoso Banking 36,PRIVATE,Banking
CRP0037,Contoso Banking 37,PRIVATE,Banking
CRP0038,Contoso Education 38,PRIVATE,Education
CRP0039,Contoso Government 39,GOVERNMENT,Government
CRP0040,Contoso FMCG 40,CHA/TMC,FMCG
CRP0041,Contoso Education 41,PRIVATE,Education
CRP0042,Contoso Healthcare 42,PRIVATE,Healthcare
CRP0043,Contoso Education 43,SOE,Education
CRP0044,Contoso Education 44,PRIVATE,Education
CRP0045,Contoso Energy 45,PRIVATE,Energy
CRP0046,Contoso Telco 46,PRIVATE,Telco
CRP0047,Contoso Construction 47,SOE,Construction
CRP0048,Contoso Logistics 48,CHA/TMC,Logistics
CRP0049,Contoso Mining 49,PRIVATE,Mining
CRP0050,Contoso Telco 50,PRIVATE,Telco
CRP0051,Contoso Government 51,GOVERNMENT,Government
CRP0052,Contoso Construction 52,CHA/TMC,Construction
CRP0053,Contoso Mining 53,SOE,Mining
CRP0054,Contoso Healthcare 54,SOE,Healthcare
CRP0055,Contoso Banking 55,CHA/TMC,Banking
CRP0056,Contoso Banking 56,CHA/TMC,Banking
CRP0057,Contoso Government 57,GOVERNMENT,Government
CRP0058,Contoso FMCG 58,PRIVATE,FMCG
CRP0059,Contoso Healthcare 59,PRIVATE,Healthcare
CRP0060,Contoso Telco 60,CHA/TMC,Telco
CRP0061,Contoso Logistics 61,PRIVATE,Logistics
CRP0062,Contoso Energy 62,PRIVATE,Energy
CRP0063,Contoso Logistics 63,PRIVATE,Logistics
CRP0064,Contoso Energy 64,PRIVATE,Energy
CRP0065,Contoso Construction 65,PRIVATE,Construction
CRP0066,Contoso Telco 66,PRIVATE,Telco
CRP0067,Contoso Telco 67,SOE,Telco
CRP0068,Contoso Energy 68,CHA/TMC,Energy
CRP0069,Contoso Construction 69,CHA/TMC,Construction
CRP0070,Contoso Mining 70,PRIVATE,Mining
