MO,WEEK,TGL BOOKING,PNR,NAMA GROUP,AGENT TRAVEL,AGENT/CORP/PRIVATE,DEPT.DATE,RETURN DATE,ROUTE,DEST,DOM/INT,TTL PAX,MARKET,APPROVED SKN FARE - IDR.,YQ,TAX ++,NETT SALES,Nett Sales ( basic + yq ),Total sales ( nett x ttl pax ),FARE BASIC,STATUS,DATE OF DEPOSIT,JMLH PAX DEPO,JLMH DEPOSIT(idr),REASON CANCEL,CORP CODE,TIME LIMIT,POI,DOI
5,22,2026-05-30,ABSP7T,Group 0001,Cahaya Travel 112,AGENT,2026-07-28,2026-07-31,CGKYIACGK,YIA,D,15,JKT,1088000,150000,180000,1418000,1238000,18570000,GRPUM,TICKETED,2026-05-31,15,3264000,,,2026-06-13,JKT,2026-07-18
2,7,2026-02-11,PRBM9P,Group 0002,Merak Travel 148,PRIVATE,2026-05-29,2026-06-01,CGKLOPCGK,LOP,D,60,DPS,1992000,150000,180000,2322000,2142000,128520000,GVXA1,DEPOSIT,2026-02-20,60,23904000,,,2026-02-25,JKT,
1,5,2026-01-29,MU37KD,Group 0003,Nusa Travel 015,AGENT,2026-03-29,2026-04-03,CGKDPSCGK,DPS,D,45,DPS,1384000,150000,180000,1714000,1534000,69030000,GVXA2,TICKETED,2026-02-03,45,12456000,,,2026-02-12,JKT,2026-03-18
5,20,2026-05-15,UYJTLM,Group 0004,Orion Travel 115,CORP,2026-07-20,2026-07-30,CGKUPGCGK,UPG,D,10,UPG,2195000,150000,180000,2525000,2345000,23450000,GRPUM,OPTION,,0,0,,CRP0051,2026-05-29,JKT,
7,31,2026-07-29,P4XJVP,Group 0005,Zenith Travel 093,AGENT,2026-12-17,2026-12-28,CGKSUBCGK,SUB,D,20,SUB,1473000,150000,180000,1803000,1623000,32460000,GVXA1,TICKETED,2026-08-04,20,5892000,,,2026-08-12,JKT,2026-11-28
1,3,2026-01-17,9F3DPD,Group 0006,Atlas Travel 162,CORP,2026-08-03,2026-08-13,CGKDPSCGK,DPS,D,90,DPS,2006000,150000,180000,2336000,2156000,194040000,GRPEC,DEPOSIT,2026-01-18,90,36108000,,CRP0057,2026-01-31,JKT,
5,21,2026-05-19,DAHL4B,Group 0007,Orion Travel 149,AGENT,2026-10-17,2026-10-24,CGKSUBCGK,SUB,D,15,SUB,1126000,150000,180000,1456000,1276000,19140000,GRPUM,CANCELLED,,0,0,Price,,2026-06-02,JKT,
2,7,2026-02-09,PNDVWM,Group 0008,Merak Travel 130,PRIVATE,2026-04-14,2026-04-23,CGKUPGCGK,UPG,D,10,UPG,1823000,150000,180000,2153000,1973000,19730000,GVXA1,DEPOSIT,2026-02-10,10,3646000,,,2026-02-23,JKT,
4,15,2026-04-09,XQ9LUV,Group 0009,Mentari Travel 146,CORP,2026-06-03,2026-06-09,CGKBPNCGK,BPN,D,60,UPG,1856000,150000,180000,2186000,2006000,120360000,GVXA2,DEPOSIT,2026-04-15,60,22272000,,CRP0024,2026-04-23,JKT,
5,19,2026-05-06,2Y5LTV,Group 0010,Samudra Travel 053,PRIVATE,2026-07-27,2026-08-02,CGKPLMCGK,PLM,D,25,MES,1357000,150000,180000,1687000,1507000,37675000,GVXA2,CANCELLED,,0,0,Schedule change,,2026-05-20,JKT,
7,31,2026-07-30,9ASZV5,Group 0011,Merak Travel 070,AGENT,2026-12-08,2026-12-13,CGKYIACGK,YIA,D,12,JKT,913000,150000,180000,1243000,1063000,12756000,GVXA2,TICKETED,2026-08-06,12,2191000,,,2026-08-13,JKT,2026-11-22
2,6,2026-02-03,2FCYT5,Group 0012,Rajawali Travel 036,AGENT,2026-04-06,2026-04-17,CGKDJJCGK,DJJ,D,12,UPG,3764000,150000,180000,4094000,3914000,46968000,GVXA2,TICKETED,2026-02-05,12,9034000,,,2026-02-17,JKT,2026-03-18
4,14,2026-04-01,V5CV8C,Group 0013,Sinar Travel 014,AGENT,2026-05-12,2026-05-21,CGKSUBCGK,SUB,D,45,SUB,950000,150000,180000,1280000,1100000,49500000,GRPUM,CANCELLED,,0,0,Group size dropped,,2026-04-15,JKT,
3,14,2026-03-31,BANEUQ,Group 0014,Angkasa Travel 028,AGENT,2026-10-09,2026-10-13,CGKNRTCGK,NRT,I,20,JPK,10543000,850000,1100000,12493000,11393000,227860000,GRPUM,TICKETED,2026-04-02,20,42172000,,,2026-04-14,JKT,2026-09-21
7,29,2026-07-13,PHWX5H,Group 0015,Lestari Travel 158,PRIVATE,2026-09-09,2026-09-19,CGKDPSCGK,DPS,D,25,DPS,1589000,150000,180000,1919000,1739000,43475000,GVXA1,TICKETED,2026-07-22,25,7945000,,,2026-07-27,JKT,2026-08-24
2,6,2026-02-02,7SV4YM,Group 0016,Nusa Travel 143,AGENT,2026-05-18,2026-05-22,CGKMDCCGK,MDC,D,15,UPG,2681000,150000,180000,3011000,2831000,42465000,GVXA2,DEPOSIT,2026-02-10,15,8043000,,,2026-02-16,JKT,
8,36,2026-08-31,DMR7A6,Group 0017,Bintang Travel 063,AGENT,2026-10-29,2026-11-05,CGKYIACGK,YIA,D,90,JKT,813000,150000,180000,1143000,963000,86670000,GVXA1,DEPOSIT,2026-09-01,90,14634000,,,2026-09-14,JKT,
5,20,2026-05-12,QPRFNL,Group 0018,Kenari Travel 172,AGENT,2026-09-29,2026-10-07,CGKPKUCGK,PKU,D,90,MES,1774000,150000,180000,2104000,1924000,173160000,GVXA2,DEPOSIT,2026-05-20,90,31932000,,,2026-05-26,JKT,
8,35,2026-08-24,Z8C9Q5,Group 0019,Rajawali Travel 036,AGENT,2026-12-06,2026-12-12,CGKSUBCGK,SUB,D,12,SUB,1230000,150000,180000,1560000,1380000,16560000,GVXA1,CANCELLED,,0,0,Moved to competitor,,2026-09-07,JKT,
5,20,2026-05-14,W5YCF6,Group 0020,Atlas Travel 077,PRIVATE,2026-07-01,2026-07-05,CGKSUBCGK,SUB,D,60,SUB,1308000,150000,180000,1638000,1458000,87480000,GRPEC,CANCELLED,,0,0,Moved to competitor,,2026-05-28,JKT,
2,6,2026-02-06,TZE6DV,Group 0021,Orion Travel 128,AGENT,2026-07-21,2026-07-29,CGKKULCGK,KUL,I,45,ASA,3752000,850000,1100000,5702000,4602000,207090000,GVXA2,DEPOSIT,2026-02-11,45,33768000,,,2026-02-20,JKT,
4,15,2026-04-09,PCFAQF,Group 0022,Bintang Travel 167,CORP,2026-06-01,2026-06-11,CGKJEDCGK,JED,I,45,MEA,14614000,850000,1100000,16564000,15464000,695880000,GRPEC,CANCELLED,,0,0,Price,CRP0057,2026-04-23,JKT,
9,38,2026-09-19,H5M5YT,Group 0023,Sentosa Travel 061,CORP,2026-10-30,2026-11-10,CGKUPGCGK,UPG,D,15,UPG,1785000,150000,180000,2115000,1935000,29025000,GRPEC,TICKETED,2026-09-24,15,5355000,,CRP0059,2026-10-03,JKT,2026-10-16
3,11,2026-03-11,FTEJUQ,Group 0024,Sinar Travel 002,CORP,2026-07-13,2026-07-23,CGKDJJCGK,DJJ,D,45,UPG,4834000,150000,180000,5164000,4984000,224280000,GVXA2,DEPOSIT,2026-03-12,45,43506000,,CRP0070,2026-03-25,JKT,
6,26,2026-06-26,EBL4GB,Group 0025,Samudra Travel 163,AGENT,2026-08-13,2026-08-16,CGKNRTCGK,NRT,I,40,JPK,10505000,850000,1100000,12455000,11355000,454200000,GRPUM,CANCELLED,,0,0,Price,,2026-07-10,JKT,
7,27,2026-07-04,NPKVRQ,Group 0026,Zenith Travel 108,AGENT,2026-10-09,2026-10-13,CGKICNCGK,ICN,I,25,JPK,9935000,850000,1100000,11885000,10785000,269625000,GVXA2,DEPOSIT,2026-07-11,25,49675000,,,2026-07-18,JKT,
5,20,2026-05-14,KYPGNP,Group 0027,Zenith Travel 157,AGENT,2026-06-05,2026-06-14,CGKDPSCGK,DPS,D,60,DPS,1562000,150000,180000,1892000,1712000,102720000,GRPEC,TICKETED,2026-05-15,60,18744000,,,2026-05-28,JKT,2026-05-29
8,32,2026-08-03,Q6CCDY,Group 0028,Delta Travel 114,AGENT,2026-09-22,2026-09-25,CGKDPSCGK,DPS,D,40,DPS,1865000,150000,180000,2195000,2015000,80600000,GRPEC,CANCELLED,,0,0,Group size dropped,,2026-08-17,JKT,
4,18,2026-04-27,VJSAZR,Group 0029,Bintang Travel 161,CORP,2026-10-09,2026-10-13,CGKSUBCGK,SUB,D,10,SUB,1140000,150000,180000,1470000,1290000,12900000,GRPUM,OPTION,,0,0,,CRP0055,2026-05-11,JKT,
2,9,2026-02-24,S7ETK7,Group 0030,Kenari Travel 052,CORP,2026-05-15,2026-05-23,CGKNRTCGK,NRT,I,45,JPK,9729000,850000,1100000,11679000,10579000,476055000,GVXA2,TICKETED,2026-02-25,45,87561000,,CRP0068,2026-03-10,JKT,2026-05-08
9,39,2026-09-21,T28A7N,Group 0031,Cahaya Travel 140,CORP,2027-03-22,2027-03-25,CGKDPSCGK,DPS,D,12,DPS,1562000,150000,180000,1892000,1712000,20544000,GRPUM,DEPOSIT,2026-09-29,12,3749000,,CRP0012,2026-10-05,JKT,
7,31,2026-07-28,4RWAS4,Group 0032,Bintang Travel 059,AGENT,2026-11-07,2026-11-10,CGKYIACGK,YIA,D,90,JKT,1254000,150000,180000,1584000,1404000,126360000,GRPUM,CANCELLED,,0,0,Schedule change,,2026-08-11,JKT,
7,31,2026-07-31,YXB5LF,Group 0033,Pelangi Travel 116,CORP,2026-12-27,2027-01-04,CGKJEDCGK,JED,I,60,MEA,14271000,850000,1100000,16221000,15121000,907260000,GRPEC,TICKETED,2026-08-05,60,171252000,,CRP0012,2026-08-14,JKT,2026-12-14
9,39,2026-09-27,SLSVP5,Group 0034,Lestari Travel 158,AGENT,2026-12-10,2026-12-16,CGKPLMCGK,PLM,D,25,MES,962000,150000,180000,1292000,1112000,27800000,GVXA2,DEPOSIT,2026-10-04,25,4810000,,,2026-10-11,JKT,
8,34,2026-08-20,LD5SY2,Group 0035,Harmoni Travel 060,AGENT,2026-11-20,2026-11-29,CGKDJJCGK,DJJ,D,40,UPG,3036000,150000,180000,3366000,3186000,127440000,GVXA1,TICKETED,2026-08-23,40,24288000,,,2026-09-03,JKT,2026-11-03
6,24,2026-06-14,STVW2K,Group 0036,Samudra Travel 138,AGENT,2026-07-26,2026-07-30,CGKUPGCGK,UPG,D,30,UPG,2531000,150000,180000,2861000,2681000,80430000,GRPUM,OPTION,,0,0,,,2026-06-28,JKT,
4,18,2026-04-29,5Q9F73,Group 0037,Sinar Travel 073,AGENT,2026-10-24,2026-10-30,CGKDJJCGK,DJJ,D,60,UPG,4385000,150000,180000,4715000,4535000,272100000,GVXA1,TICKETED,2026-05-07,60,52620000,,,2026-05-13,JKT,2026-10-10
1,3,2026-01-12,QR6RAA,Group 0038,Zenith Travel 090,PRIVATE,2026-07-12,2026-07-15,CGKBKKCGK,BKK,I,90,ASA,3955000,850000,1100000,5905000,4805000,432450000,GVXA2,TICKETED,2026-01-21,90,71190000,,,2026-01-26,JKT,2026-07-02
8,32,2026-08-05,C35G6Q,Group 0039,Pelangi Travel 092,PRIVATE,2027-01-03,2027-01-10,CGKDPSCGK,DPS,D,12,DPS,1263000,150000,180000,1593000,1413000,16956000,GRPUM,TICKETED,2026-08-07,12,3031000,,,2026-08-19,JKT,2026-12-26
5,22,2026-05-25,DBSLHP,Group 0040,Lestari Travel 158,AGENT,2026-09-05,2026-09-10,CGKSINCGK,SIN,I,25,ASA,3061000,850000,1100000,5011000,3911000,97775000,GVXA1,CANCELLED,,0,0,Group size dropped,,2026-06-08,JKT,
2,8,2026-02-18,Z9AUWU,Group 0041,Permata Travel 076,CORP,2026-04-20,2026-04-23,CGKDOHCGK,DOH,I,90,MEA,9198000,850000,1100000,11148000,10048000,904320000,GVXA2,DEPOSIT,2026-02-26,90,165564000,,CRP0046,2026-03-04,JKT,
3,12,2026-03-18,6JJ3ZR,Group 0042,Kencana Travel 104,PRIVATE,2026-08-03,2026-08-08,CGKSINCGK,SIN,I,30,ASA,2808000,850000,1100000,4758000,3658000,109740000,GRPEC,TICKETED,2026-03-24,30,16848000,,,2026-04-01,JKT,2026-07-27
6,23,2026-06-02,NFLN2P,Group 0043,Angkasa Travel 051,AGENT,2026-08-06,2026-08-17,CGKKNOCGK,KNO,D,15,MES,1513000,150000,180000,1843000,1663000,24945000,GRPUM,DEPOSIT,2026-06-11,15,4539000,,,2026-06-16,JKT,
2,7,2026-02-11,MR2NDY,Group 0044,Zenith Travel 027,AGENT,2026-06-05,2026-06-10,CGKSINCGK,SIN,I,10,ASA,2812000,850000,1100000,4762000,3662000,36620000,GVXA1,TICKETED,2026-02-14,10,5624000,,,2026-02-25,JKT,2026-05-18
2,9,2026-02-26,HCWJFD,Group 0045,Pelangi Travel 165,AGENT,2026-06-09,2026-06-20,CGKDPSCGK,DPS,D,12,DPS,1275000,150000,180000,1605000,1425000,17100000,GVXA2,TICKETED,2026-02-27,12,3060000,,,2026-03-12,JKT,2026-05-25
2,8,2026-02-20,U2NAQY,Group 0046,Nusa Travel 110,AGENT,2026-05-23,2026-05-27,CGKYIACGK,YIA,D,15,JKT,1081000,150000,180000,1411000,1231000,18465000,GRPUM,TICKETED,2026-02-21,15,3243000,,,2026-03-06,JKT,2026-05-04
4,16,2026-04-19,2A875U,Group 0047,Zenith Travel 093,CORP,2026-10-12,2026-10-16,CGKICNCGK,ICN,I,10,JPK,10444000,850000,1100000,12394000,11294000,112940000,GVXA2,CANCELLED,,0,0,Schedule change,CRP0015,2026-05-03,JKT,
9,38,2026-09-20,QGXUPT,Group 0048,Harmoni Travel 156,CORP,2026-11-27,2026-12-04,CGKUPGCGK,UPG,D,30,UPG,2439000,150000,180000,2769000,2589000,77670000,GRPEC,TICKETED,2026-09-26,30,14634000,,CRP0029,2026-10-04,JKT,2026-11-16
4,16,2026-04-14,YSHWT9,Group 0049,Angkasa Travel 178,CORP,2026-05-18,2026-05-23,CGKKNOCGK,KNO,D,90,MES,1974000,150000,180000,2304000,2124000,191160000,GVXA2,OPTION,,0,0,,CRP0002,2026-04-28,JKT,
8,36,2026-08-31,AH649C,Group 0050,Lestari Travel 088,AGENT,2027-02-08,2027-02-17,CGKSUBCGK,SUB,D,15,SUB,1214000,150000,180000,1544000,1364000,20460000,GVXA2,DEPOSIT,2026-09-03,15,3642000,,,2026-09-14,JKT,
1,4,2026-01-25,G6LNB4,Group 0051,Kencana Travel 097,CORP,2026-07-24,2026-07-31,CGKDPSCGK,DPS,D,60,DPS,1491000,150000,180000,1821000,1641000,98460000,GRPUM,TICKETED,2026-02-01,60,17892000,,CRP0051,2026-02-08,JKT,2026-07-05
1,3,2026-01-16,DT6A2A,Group 0052,Atlas Travel 135,AGENT,2026-07-30,2026-08-08,CGKMDCCGK,MDC,D,45,UPG,3365000,150000,180000,3695000,3515000,158175000,GRPUM,CANCELLED,,0,0,Price,,2026-01-30,JKT,
6,26,2026-06-23,S579NE,Group 0053,Angkasa Travel 051,AGENT,2026-11-26,2026-11-29,CGKSUBCGK,SUB,D,15,SUB,1165000,150000,180000,1495000,1315000,19725000,GRPUM,DEPOSIT,2026-06-24,15,3495000,,,2026-07-07,JKT,
3,13,2026-03-28,DEGT42,Group 0054,Atlas Travel 101,PRIVATE,2026-07-10,2026-07-21,CGKKNOCGK,KNO,D,90,MES,1891000,150000,180000,2221000,2041000,183690000,GRPEC,TICKETED,2026-03-30,90,34038000,,,2026-04-11,JKT,2026-06-26
7,27,2026-07-05,8YTU8F,Group 0055,Zenith Travel 046,AGENT,2026-08-08,2026-08-12,CGKPDGCGK,PDG,D,20,MES,1316000,150000,180000,1646000,1466000,29320000,GVXA1,CANCELLED,,0,0,Price,,2026-07-19,JKT,
2,9,2026-02-26,L6KHBW,Group 0056,Sentosa Travel 019,AGENT,2026-04-21,2026-04-27,CGKDPSCGK,DPS,D,10,DPS,1511000,150000,180000,1841000,1661000,16610000,GVXA1,DEPOSIT,2026-02-28,10,3022000,,,2026-03-12,JKT,
5,18,2026-05-03,4H7G77,Group 0057,Atlas Travel 072,PRIVATE,2026-08-24,2026-08-29,CGKPKUCGK,PKU,D,40,MES,1286000,150000,180000,1616000,1436000,57440000,GVXA2,TICKETED,2026-05-09,40,10288000,,,2026-05-17,JKT,2026-08-15
5,18,2026-05-03,8RDSAY,Group 0058,Nusa Travel 151,AGENT,2026-09-29,2026-10-05,CGKSUBCGK,SUB,D,10,SUB,1482000,150000,180000,1812000,1632000,16320000,GVXA2,DEPOSIT,2026-05-04,10,2964000,,,2026-05-17,JKT,
9,36,2026-09-02,8RLA6H,Group 0059,Lestari Travel 030,AGENT,2027-01-17,2027-01-21,CGKBTHCGK,BTH,D,10,MES,1106000,150000,180000,1436000,1256000,12560000,GVXA1,DEPOSIT,2026-09-11,10,2212000,,,2026-09-16,JKT,
9,38,2026-09-17,KSS9X3,Group 0060,Kencana Travel 173,AGENT,2026-11-14,2026-11-23,CGKDJJCGK,DJJ,D,40,UPG,4817000,150000,180000,5147000,4967000,198680000,GRPEC,OPTION,,0,0,,,2026-10-01,JKT,
1,4,2026-01-21,KWEWB2,Group 0061,Zenith Travel 093,AGENT,2026-06-01,2026-06-08,CGKDPSCGK,DPS,D,15,DPS,1960000,150000,180000,2290000,2110000,31650000,GVXA2,CANCELLED,,0,0,Schedule change,,2026-02-04,JKT,
6,26,2026-06-25,43SHYV,Group 0062,Lestari Travel 029,AGENT,2026-12-10,2026-12-18,CGKYIACGK,YIA,D,90,JKT,902000,150000,180000,1232000,1052000,94680000,GRPUM,TICKETED,2026-06-27,90,16236000,,,2026-07-09,JKT,2026-12-01
7,30,2026-07-22,4FAK2M,Group 0063,Harmoni Travel 153,AGENT,2026-11-21,2026-11-25,CGKDJJCGK,DJJ,D,45,UPG,3838000,150000,180000,4168000,3988000,179460000,GRPUM,TICKETED,2026-07-31,45,34542000,,,2026-08-05,JKT,2026-11-03
9,38,2026-09-15,RLTJLX,Group 0064,Bintang Travel 167,AGENT,2026-11-25,2026-12-01,CGKYIACGK,YIA,D,12,JKT,1087000,150000,180000,1417000,1237000,14844000,GVXA1,TICKETED,2026-09-23,12,2609000,,,2026-09-29,JKT,2026-11-12
4,16,2026-04-13,2C8FLJ,Group 0065,Harmoni Travel 021,CORP,2026-07-17,2026-07-25,CGKDPSCGK,DPS,D,10,DPS,1261000,150000,180000,1591000,1411000,14110000,GVXA2,TICKETED,2026-04-14,10,2522000,,CRP0015,2026-04-27,JKT,2026-07-08
8,35,2026-08-24,8BXMUG,Group 0066,Harmoni Travel 047,PRIVATE,2027-01-16,2027-01-23,CGKPLMCGK,PLM,D,15,MES,1347000,150000,180000,1677000,1497000,22455000,GRPUM,DEPOSIT,2026-08-29,15,4041000,,,2026-09-07,JKT,
9,38,2026-09-20,PRTC64,Group 0067,Delta Travel 050,PRIVATE,2027-01-31,2027-02-06,CGKMDCCGK,MDC,D,20,UPG,2334000,150000,180000,2664000,2484000,49680000,GRPUM,TICKETED,2026-09-26,20,9336000,,,2026-10-04,JKT,2027-01-24
5,19,2026-05-06,H3RQA4,Group 0068,Orion Travel 149,AGENT,2026-06-01,2026-06-09,CGKPDGCGK,PDG,D,30,MES,1807000,150000,180000,2137000,1957000,58710000,GRPEC,TICKETED,2026-05-10,30,10842000,,,2026-05-20,JKT,2026-05-17
4,18,2026-04-29,49RT4W,Group 0069,Harmoni Travel 060,PRIVATE,2026-06-26,2026-06-30,CGKJEDCGK,JED,I,10,MEA,10337000,850000,1100000,12287000,11187000,111870000,GVXA2,TICKETED,2026-05-04,10,20674000,,,2026-05-13,JKT,2026-06-18
9,37,2026-09-07,TKGY7C,Group 0070,Pelangi Travel 165,AGENT,2026-12-12,2026-12-21,CGKBTHCGK,BTH,D,40,MES,1496000,150000,180000,1826000,1646000,65840000,GVXA1,TICKETED,2026-09-08,40,11968000,,,2026-09-21,JKT,2026-12-04
2,8,2026-02-22,YJ8P4B,Group 0071,Sentosa Travel 023,CORP,2026-08-09,2026-08-18,CGKICNCGK,ICN,I,10,JPK,8984000,850000,1100000,10934000,9834000,98340000,GRPUM,DEPOSIT,2026-02-27,10,17968000,,CRP0041,2026-03-08,JKT,
9,37,2026-09-13,X8BXJ8,Group 0072,Permata Travel 076,AGENT,2027-03-21,2027-03-30,CGKSUBCGK,SUB,D,30,SUB,1279000,150000,180000,1609000,1429000,42870000,GRPUM,CANCELLED,,0,0,Schedule change,,2026-09-27,JKT,
1,4,2026-01-21,AN3DYD,Group 0073,Sentosa Travel 061,AGENT,2026-04-23,2026-05-03,CGKSUBCGK,SUB,D,25,SUB,1326000,150000,180000,1656000,1476000,36900000,GRPUM,TICKETED,2026-01-26,25,6630000,,,2026-02-04,JKT,2026-04-07
1,3,2026-01-12,HVTKGQ,Group 0074,Cahaya Travel 140,AGENT,2026-06-21,2026-07-01,CGKKULCGK,KUL,I,10,ASA,3728000,850000,1100000,5678000,4578000,45780000,GRPUM,TICKETED,2026-01-13,10,7456000,,,2026-01-26,JKT,2026-06-07
3,13,2026-03-28,Q2DCC6,Group 0075,Lestari Travel 029,AGENT,2026-10-08,2026-10-15,CGKBPNCGK,BPN,D,25,UPG,2409000,150000,180000,2739000,2559000,63975000,GRPUM,OPTION,,0,0,,,2026-04-11,JKT,
6,27,2026-06-30,X3UF2L,Group 0076,Kencana Travel 159,CORP,2026-10-29,2026-11-03,CGKSUBCGK,SUB,D,60,SUB,998000,150000,180000,1328000,1148000,68880000,GVXA1,DEPOSIT,2026-07-07,60,11976000,,CRP0003,2026-07-14,JKT,
4,17,2026-04-22,Q2BYKH,Group 0077,Kencana Travel 048,AGENT,2026-09-27,2026-10-01,CGKSYDCGK,SYD,I,15,SWP,9848000,850000,1100000,11798000,10698000,160470000,GVXA1,CANCELLED,,0,0,Price,,2026-05-06,JKT,
2,6,2026-02-05,6T8HBB,Group 0078,Atlas Travel 136,CORP,2026-05-15,2026-05-21,CGKUPGCGK,UPG,D,15,UPG,2108000,150000,180000,2438000,2258000,33870000,GVXA2,TICKETED,2026-02-13,15,6324000,,CRP0009,2026-02-19,JKT,2026-04-28
9,39,2026-09-21,S2X737,Group 0079,Lestari Travel 088,PRIVATE,2027-01-23,2027-01-30,CGKSINCGK,SIN,I,15,ASA,3699000,850000,1100000,5649000,4549000,68235000,GRPUM,DEPOSIT,2026-09-25,15,11097000,,,2026-10-05,JKT,
8,35,2026-08-26,LY86KW,Group 0080,Nusa Travel 179,AGENT,2027-02-18,2027-02-27,CGKSOCCGK,SOC,D,10,JKT,1136000,150000,180000,1466000,1286000,12860000,GVXA2,CANCELLED,,0,0,Schedule change,,2026-09-09,JKT,
2,9,2026-02-24,ELG2PU,Group 0081,Kencana Travel 084,AGENT,2026-06-02,2026-06-08,CGKNRTCGK,NRT,I,10,JPK,12183000,850000,1100000,14133000,13033000,130330000,GVXA1,OPTION,,0,0,,,2026-03-10,JKT,
8,32,2026-08-05,SPZ522,Group 0082,Merak Travel 131,AGENT,2026-11-01,2026-11-08,CGKPNKCGK,PNK,D,12,JKT,1695000,150000,180000,2025000,1845000,22140000,GVXA1,TICKETED,2026-08-07,12,4068000,,,2026-08-19,JKT,2026-10-25
2,5,2026-02-01,TJA5X7,Group 0083,Rajawali Travel 036,AGENT,2026-07-10,2026-07-17,CGKSINCGK,SIN,I,12,ASA,3636000,850000,1100000,5586000,4486000,53832000,GRPUM,TICKETED,2026-02-03,12,8726000,,,2026-02-15,JKT,2026-07-02
7,31,2026-07-30,KV3Y4V,Group 0084,Samudra Travel 150,AGENT,2026-09-24,2026-10-01,CGKUPGCGK,UPG,D,10,UPG,2407000,150000,180000,2737000,2557000,25570000,GVXA2,CANCELLED,,0,0,Schedule change,,2026-08-13,JKT,
1,3,2026-01-13,CEDFCC,Group 0085,Angkasa Travel 020,AGENT,2026-06-17,2026-06-20,CGKKNOCGK,KNO,D,40,MES,2146000,150000,180000,2476000,2296000,91840000,GRPEC,CANCELLED,,0,0,Group size dropped,,2026-01-27,JKT,
5,18,2026-05-02,63GJZL,Group 0086,Bintang Travel 075,AGENT,2026-06-01,2026-06-10,CGKICNCGK,ICN,I,60,JPK,7987000,850000,1100000,9937000,8837000,530220000,GVXA2,OPTION,,0,0,,,2026-05-16,JKT,
2,9,2026-02-25,X3FJPB,Group 0087,Merak Travel 148,AGENT,2026-06-25,2026-07-02,CGKYIACGK,YIA,D,20,JKT,1024000,150000,180000,1354000,1174000,23480000,GVXA1,CANCELLED,,0,0,Group size dropped,,2026-03-11,JKT,
8,35,2026-08-24,HXEHJ9,Group 0088,Nusa Travel 110,AGENT,2027-01-25,2027-01-29,CGKJEDCGK,JED,I,45,MEA,13743000,850000,1100000,15693000,14593000,656685000,GVXA1,TICKETED,2026-09-02,45,123687000,,,2026-09-07,JKT,2027-01-09
9,36,2026-09-03,8Z69XP,Group 0089,Harmoni Travel 007,CORP,2026-12-17,2026-12-21,CGKBDJCGK,BDJ,D,60,JKT,1548000,150000,180000,1878000,1698000,101880000,GVXA2,TICKETED,2026-09-10,60,18576000,,CRP0023,2026-09-17,JKT,2026-12-03
4,17,2026-04-25,K7DKZP,Group 0090,Merak Travel 070,AGENT,2026-08-22,2026-08-28,CGKPNKCGK,PNK,D,15,JKT,1306000,150000,180000,1636000,1456000,21840000,GRPUM,OPTION,,0,0,,,2026-05-09,JKT,
6,23,2026-06-06,UDKR8R,Group 0091,Merak Travel 131,AGENT,2026-10-10,2026-10-20,CGKDPSCGK,DPS,D,20,DPS,1709000,150000,180000,2039000,1859000,37180000,GRPUM,TICKETED,2026-06-13,20,6836000,,,2026-06-20,JKT,2026-09-24
7,30,2026-07-20,HPWEGW,Group 0092,Kencana Travel 048,AGENT,2026-09-18,2026-09-21,CGKJEDCGK,JED,I,12,MEA,15295000,850000,1100000,17245000,16145000,193740000,GVXA2,CANCELLED,,0,0,Group size dropped,,2026-08-03,JKT,
8,31,2026-08-02,3465H9,Group 0093,Harmoni Travel 007,AGENT,2027-01-04,2027-01-12,CGKYIACGK,YIA,D,15,JKT,1141000,150000,180000,1471000,1291000,19365000,GVXA1,CANCELLED,,0,0,Price,,2026-08-16,JKT,
7,30,2026-07-21,UDPRT3,Group 0094,Delta Travel 141,AGENT,2026-11-24,2026-12-03,CGKPKUCGK,PKU,D,90,MES,1183000,150000,180000,1513000,1333000,119970000,GRPEC,OPTION,,0,0,,,2026-08-04,JKT,
6,23,2026-06-04,HY6ASK,Group 0095,Sinar Travel 031,AGENT,2026-08-23,2026-09-02,CGKYIACGK,YIA,D,30,JKT,1128000,150000,180000,1458000,1278000,38340000,GRPEC,TICKETED,2026-06-13,30,6768000,,,2026-06-18,JKT,2026-08-08
5,20,2026-05-13,CA7JPP,Group 0096,Kenari Travel 045,PRIVATE,2026-07-06,2026-07-17,CGKKNOCGK,KNO,D,25,MES,1827000,150000,180000,2157000,1977000,49425000,GRPUM,TICKETED,2026-05-15,25,9135000,,,2026-05-27,JKT,2026-06-26
3,13,2026-03-25,8ZQL9Y,Group 0097,Kencana Travel 049,AGENT,2026-04-23,2026-04-27,CGKICNCGK,ICN,I,30,JPK,8711000,850000,1100000,10661000,9561000,286830000,GRPUM,TICKETED,2026-03-30,30,52266000,,,2026-04-08,JKT,2026-04-13
8,32,2026-08-08,45H89H,Group 0098,Atlas Travel 136,CORP,2026-09-01,2026-09-07,CGKPKUCGK,PKU,D,25,MES,1453000,150000,180000,1783000,1603000,40075000,GVXA2,TICKETED,2026-08-10,25,7265000,,CRP0008,2026-08-22,JKT,2026-08-19
6,25,2026-06-18,QV8Q2T,Group 0099,Rajawali Travel 125,PRIVATE,2026-08-14,2026-08-20,CGKDPSCGK,DPS,D,40,DPS,1923000,150000,180000,2253000,2073000,82920000,GRPEC,DEPOSIT,2026-06-20,40,15384000,,,2026-07-02,JKT,
5,21,2026-05-24,VJHTZS,Group 0100,Rajawali Travel 065,AGENT,2026-09-25,2026-09-29,CGKPNKCGK,PNK,D,12,JKT,1763000,150000,180000,2093000,1913000,22956000,GVXA1,CANCELLED,,0,0,Schedule change,,2026-06-07,JKT,
1,4,2026-01-21,SZF7FM,Group 0101,Cahaya Travel 033,AGENT,2026-03-10,2026-03-19,CGKUPGCGK,UPG,D,90,UPG,2269000,150000,180000,2599000,2419000,217710000,GRPUM,DEPOSIT,2026-01-28,90,40842000,,,2026-02-04,JKT,
3,12,2026-03-17,AT7NVY,Group 0102,Mentari Travel 146,AGENT,2026-05-05,2026-05-10,CGKPLMCGK,PLM,D,10,MES,1322000,150000,180000,1652000,1472000,14720000,GRPUM,TICKETED,2026-03-26,10,2644000,,,2026-03-31,JKT,2026-04-21
1,4,2026-01-25,JYPC4U,Group 0103,Sinar Travel 176,AGENT,2026-05-03,2026-05-13,CGKNRTCGK,NRT,I,12,JPK,8405000,850000,1100000,10355000,9255000,111060000,GVXA2,CANCELLED,,0,0,Moved to competitor,,2026-02-08,JKT,
1,4,2026-01-25,XHAS27,Group 0104,Kenari Travel 099,AGENT,2026-03-04,2026-03-14,CGKUPGCGK,UPG,D,30,UPG,2270000,150000,180000,2600000,2420000,72600000,GRPEC,CANCELLED,,0,0,Schedule change,,2026-02-08,JKT,
2,7,2026-02-15,MQVM99,Group 0105,Bintang Travel 139,AGENT,2026-08-21,2026-08-29,CGKICNCGK,ICN,I,20,JPK,11146000,850000,1100000,13096000,11996000,239920000,GVXA1,TICKETED,2026-02-22,20,44584000,,,2026-03-01,JKT,2026-08-11
1,5,2026-01-31,EMQL9W,Group 0106,Zenith Travel 018,CORP,2026-07-31,2026-08-09,CGKPNKCGK,PNK,D,60,JKT,1694000,150000,180000,2024000,1844000,110640000,GVXA2,TICKETED,2026-02-01,60,20328000,,CRP0057,2026-02-14,JKT,2026-07-20
4,15,2026-04-12,8MJVME,Group 0107,Harmoni Travel 060,AGENT,2026-09-08,2026-09-11,CGKDPSCGK,DPS,D,60,DPS,1644000,150000,180000,1974000,1794000,107640000,GVXA1,CANCELLED,,0,0,Group size dropped,,2026-04-26,JKT,
2,6,2026-02-07,6KMYDY,Group 0108,Zenith Travel 100,CORP,2026-04-15,2026-04-18,CGKMELCGK,MEL,I,10,SWP,11133000,850000,1100000,13083000,11983000,119830000,GVXA2,TICKETED,2026-02-11,10,22266000,,CRP0003,2026-02-21,JKT,2026-04-08
9,39,2026-09-27,J58UQM,Group 0109,Harmoni Travel 124,PRIVATE,2026-11-09,2026-11-18,CGKDJJCGK,DJJ,D,90,UPG,3243000,150000,180000,3573000,3393000,305370000,GVXA1,DEPOSIT,2026-10-06,90,58374000,,,2026-10-11,JKT,
4,14,2026-04-02,HEQS4B,Group 0110,Permata Travel 076,CORP,2026-09-13,2026-09-16,CGKAMSCGK,AMS,I,20,EUR,20388000,850000,1100000,22338000,21238000,424760000,GRPUM,TICKETED,2026-04-04,20,81552000,,CRP0001,2026-04-16,JKT,2026-09-06
3,14,2026-03-31,UW3TLA,Group 0111,Delta Travel 114,AGENT,2026-06-30,2026-07-05,CGKSUBCGK,SUB,D,10,SUB,1398000,150000,180000,1728000,1548000,15480000,GVXA1,OPTION,,0,0,,,2026-04-14,JKT,
2,7,2026-02-15,3DWVMZ,Group 0112,Kenari Travel 133,AGENT,2026-06-22,2026-06-25,CGKSUBCGK,SUB,D,30,SUB,1283000,150000,180000,1613000,1433000,42990000,GVXA1,OPTION,,0,0,,,2026-03-01,JKT,
7,28,2026-07-06,945DQ5,Group 0113,Nusa Travel 110,CORP,2027-01-08,2027-01-16,CGKMELCGK,MEL,I,10,SWP,8910000,850000,1100000,10860000,9760000,97600000,GRPEC,OPTION,,0,0,,CRP0063,2026-07-20,JKT,
4,14,2026-04-02,98JDWZ,Group 0114,Nusa Travel 012,CORP,2026-09-06,2026-09-14,CGKDJJCGK,DJJ,D,12,UPG,4800000,150000,180000,5130000,4950000,59400000,GRPEC,TICKETED,2026-04-05,12,11520000,,CRP0044,2026-04-16,JKT,2026-08-22
1,4,2026-01-23,SBT4JE,Group 0115,Kencana Travel 058,CORP,2026-02-16,2026-02-19,CGKDPSCGK,DPS,D,60,DPS,2006000,150000,180000,2336000,2156000,129360000,GVXA1,TICKETED,2026-01-28,60,24072000,,CRP0066,2026-02-06,JKT,2026-01-28
8,31,2026-08-02,KUVUQ6,Group 0116,Angkasa Travel 107,CORP,2026-10-28,2026-11-02,CGKSINCGK,SIN,I,90,ASA,3127000,850000,1100000,5077000,3977000,357930000,GVXA1,TICKETED,2026-08-04,90,56286000,,CRP0018,2026-08-16,JKT,2026-10-13
2,6,2026-02-02,DZNE4H,Group 0117,Merak Travel 070,PRIVATE,2026-03-14,2026-03-17,CGKSINCGK,SIN,I,90,ASA,3981000,850000,1100000,5931000,4831000,434790000,GRPUM,TICKETED,2026-02-07,90,71658000,,,2026-02-16,JKT,2026-02-26
2,9,2026-02-23,GAHANT,Group 0118,Samudra Travel 053,CORP,2026-03-20,2026-03-25,CGKSYDCGK,SYD,I,10,SWP,9881000,850000,1100000,11831000,10731000,107310000,GVXA1,TICKETED,2026-03-01,10,19762000,,CRP0046,2026-03-09,JKT,2026-03-11
5,21,2026-05-20,9XZ6F2,Group 0119,Lestari Travel 005,AGENT,2026-10-19,2026-10-27,CGKLOPCGK,LOP,D,10,DPS,1704000,150000,180000,2034000,1854000,18540000,GVXA2,TICKETED,2026-05-28,10,3408000,,,2026-06-03,JKT,2026-10-03
3,13,2026-03-26,D3DVA9,Group 0120,Permata Travel 094,AGENT,2026-06-02,2026-06-10,CGKSUBCGK,SUB,D,15,SUB,1093000,150000,180000,1423000,1243000,18645000,GRPUM,TICKETED,2026-04-01,15,3279000,,,2026-04-09,JKT,2026-05-24
6,24,2026-06-09,NG7NLC,Group 0121,Merak Travel 113,CORP,2026-10-13,2026-10-17,CGKDPSCGK,DPS,D,90,DPS,1654000,150000,180000,1984000,1804000,162360000,GRPUM,CANCELLED,,0,0,Moved to competitor,CRP0003,2026-06-23,JKT,
8,35,2026-08-28,T8MWAA,Group 0122,Cahaya Travel 140,CORP,2026-12-31,2027-01-04,CGKDPSCGK,DPS,D,12,DPS,1652000,150000,180000,1982000,1802000,21624000,GRPEC,OPTION,,0,0,,CRP0052,2026-09-11,JKT,
4,14,2026-04-02,55Q4PY,Group 0123,Kenari Travel 133,CORP,2026-09-08,2026-09-12,CGKDPSCGK,DPS,D,60,DPS,1544000,150000,180000,1874000,1694000,101640000,GVXA2,DEPOSIT,2026-04-08,60,18528000,,CRP0002,2026-04-16,JKT,
8,35,2026-08-24,ZUHPEP,Group 0124,Kenari Travel 067,PRIVATE,2026-12-29,2027-01-07,CGKKNOCGK,KNO,D,90,MES,2296000,150000,180000,2626000,2446000,220140000,GVXA1,CANCELLED,,0,0,Price,,2026-09-07,JKT,
9,39,2026-09-26,J3K5MJ,Group 0125,Delta Travel 141,AGENT,2027-04-12,2027-04-16,CGKPVGCGK,PVG,I,90,CTH,6027000,850000,1100000,7977000,6877000,618930000,GVXA1,DEPOSIT,2026-09-30,90,108486000,,,2026-10-10,JKT,
6,23,2026-06-04,C2MM5H,Group 0126,Harmoni Travel 153,AGENT,2026-07-17,2026-07-20,CGKPLMCGK,PLM,D,60,MES,1028000,150000,180000,1358000,1178000,70680000,GVXA1,DEPOSIT,2026-06-05,60,12336000,,,2026-06-18,JKT,
5,21,2026-05-23,SH7RPJ,Group 0127,Kencana Travel 084,AGENT,2026-09-20,2026-09-28,CGKPLMCGK,PLM,D,40,MES,1079000,150000,180000,1409000,1229000,49160000,GVXA2,DEPOSIT,2026-05-31,40,8632000,,,2026-06-06,JKT,
5,19,2026-05-04,8MW8QC,Group 0128,Sentosa Travel 177,AGENT,2026-06-23,2026-07-03,CGKHKGCGK,HKG,I,40,CTH,5264000,850000,1100000,7214000,6114000,244560000,GRPUM,OPTION,,0,0,,,2026-05-18,JKT,
5,19,2026-05-04,9Q765S,Group 0129,Sinar Travel 155,PRIVATE,2026-09-06,2026-09-13,CGKSUBCGK,SUB,D,60,SUB,977000,150000,180000,1307000,1127000,67620000,GRPEC,DEPOSIT,2026-05-13,60,11724000,,,2026-05-18,JKT,
8,33,2026-08-12,6F9GYD,Group 0130,Kencana Travel 097,AGENT,2027-02-24,2027-03-04,CGKKNOCGK,KNO,D,45,MES,2273000,150000,180000,2603000,2423000,109035000,GRPUM,TICKETED,2026-08-16,45,20457000,,,2026-08-26,JKT,2027-02-09
1,5,2026-01-29,PELTVW,Group 0131,Kencana Travel 173,AGENT,2026-02-23,2026-03-02,CGKBTHCGK,BTH,D,25,MES,1252000,150000,180000,1582000,1402000,35050000,GVXA2,DEPOSIT,2026-02-06,25,6260000,,,2026-02-12,JKT,
2,9,2026-02-28,USY73C,Group 0132,Zenith Travel 100,CORP,2026-07-17,2026-07-23,CGKJEDCGK,JED,I,25,MEA,15285000,850000,1100000,17235000,16135000,403375000,GRPUM,TICKETED,2026-03-06,25,76425000,,CRP0038,2026-03-14,JKT,2026-07-03
7,29,2026-07-15,D8HBGE,Group 0133,Kenari Travel 016,AGENT,2026-11-08,2026-11-17,CGKPKUCGK,PKU,D,12,MES,1254000,150000,180000,1584000,1404000,16848000,GRPEC,OPTION,,0,0,,,2026-07-29,JKT,
4,16,2026-04-14,PWYGCS,Group 0134,Harmoni Travel 153,AGENT,2026-10-01,2026-10-08,CGKDPSCGK,DPS,D,10,DPS,1368000,150000,180000,1698000,1518000,15180000,GRPUM,CANCELLED,,0,0,Moved to competitor,,2026-04-28,JKT,
1,4,2026-01-24,4DLUQE,Group 0135,Lestari Travel 088,PRIVATE,2026-03-29,2026-04-03,CGKKULCGK,KUL,I,20,ASA,3938000,850000,1100000,5888000,4788000,95760000,GRPUM,DEPOSIT,2026-01-31,20,15752000,,,2026-02-07,JKT,
8,32,2026-08-03,CZDYHA,Group 0136,Nusa Travel 179,AGENT,2026-10-06,2026-10-13,CGKKNOCGK,KNO,D,45,MES,2033000,150000,180000,2363000,2183000,98235000,GVXA1,TICKETED,2026-08-05,45,18297000,,,2026-08-17,JKT,2026-09-21
6,23,2026-06-06,98THR3,Group 0137,Merak Travel 113,CORP,2026-07-17,2026-07-20,CGKKULCGK,KUL,I,20,ASA,2485000,850000,1100000,4435000,3335000,66700000,GRPUM,TICKETED,2026-06-15,20,9940000,,CRP0056,2026-06-20,JKT,2026-07-02
5,21,2026-05-24,4BUAB7,Group 0138,Sentosa Travel 147,AGENT,2026-07-02,2026-07-07,CGKBPNCGK,BPN,D,15,UPG,2217000,150000,180000,2547000,2367000,35505000,GRPEC,TICKETED,2026-05-25,15,6651000,,,2026-06-07,JKT,2026-06-17
5,19,2026-05-06,J2E3R7,Group 0139,Rajawali Travel 125,AGENT,2026-06-18,2026-06-27,CGKPVGCGK,PVG,I,25,CTH,6739000,850000,1100000,8689000,7589000,189725000,GVXA2,TICKETED,2026-05-09,25,33695000,,,2026-05-20,JKT,2026-06-01
3,11,2026-03-11,9652T3,Group 0140,Harmoni Travel 153,CORP,2026-07-23,2026-07-26,CGKSINCGK,SIN,I,12,ASA,3204000,850000,1100000,5154000,4054000,48648000,GVXA2,DEPOSIT,2026-03-14,12,7690000,,CRP0023,2026-03-25,JKT,
9,36,2026-09-04,V37GAS,Group 0141,Delta Travel 050,AGENT,2026-12-08,2026-12-15,CGKPLMCGK,PLM,D,90,MES,1246000,150000,180000,1576000,1396000,125640000,GVXA1,TICKETED,2026-09-09,90,22428000,,,2026-09-18,JKT,2026-11-27
1,4,2026-01-21,RRAZR7,Group 0142,Rajawali Travel 064,AGENT,2026-05-24,2026-05-31,CGKSUBCGK,SUB,D,10,SUB,1331000,150000,180000,1661000,1481000,14810000,GVXA1,DEPOSIT,2026-01-30,10,2662000,,,2026-02-04,JKT,
8,34,2026-08-18,Z8Z7LF,Group 0143,Kenari Travel 166,AGENT,2026-11-28,2026-12-04,CGKDPSCGK,DPS,D,60,DPS,1275000,150000,180000,1605000,1425000,85500000,GVXA2,CANCELLED,,0,0,Schedule change,,2026-09-01,JKT,
9,38,2026-09-15,6VMBTC,Group 0144,Mentari Travel 132,PRIVATE,2026-11-12,2026-11-21,CGKDPSCGK,DPS,D,10,DPS,1844000,150000,180000,2174000,1994000,19940000,GRPUM,DEPOSIT,2026-09-24,10,3688000,,,2026-09-29,JKT,
7,27,2026-07-04,N7UZSC,Group 0145,Mentari Travel 132,AGENT,2026-08-26,2026-09-06,CGKDPSCGK,DPS,D,15,DPS,1585000,150000,180000,1915000,1735000,26025000,GRPEC,TICKETED,2026-07-07,15,4755000,,,2026-07-18,JKT,2026-08-07
7,29,2026-07-13,TTSCQE,Group 0146,Kenari Travel 052,PRIVATE,2026-10-29,2026-11-02,CGKDPSCGK,DPS,D,12,DPS,1609000,150000,180000,1939000,1759000,21108000,GRPEC,DEPOSIT,2026-07-15,12,3862000,,,2026-07-27,JKT,
9,36,2026-09-04,DLWZWK,Group 0147,Kenari Travel 095,AGENT,2027-01-01,2027-01-04,CGKKNOCGK,KNO,D,25,MES,1673000,150000,180000,2003000,1823000,45575000,GVXA2,CANCELLED,,0,0,Price,,2026-09-18,JKT,
2,6,2026-02-03,H3T7TW,Group 0148,Nusa Travel 012,PRIVATE,2026-07-10,2026-07-13,CGKLOPCGK,LOP,D,90,DPS,1470000,150000,180000,1800000,1620000,145800000,GVXA1,DEPOSIT,2026-02-06,90,26460000,,,2026-02-17,JKT,
1,1,2026-01-03,TR5WMG,Group 0149,Nusa Travel 179,AGENT,2026-02-06,2026-02-12,CGKPKUCGK,PKU,D,25,MES,1672000,150000,180000,2002000,1822000,45550000,GVXA1,CANCELLED,,0,0,Moved to competitor,,2026-01-17,JKT,
2,7,2026-02-10,5JXBTL,Group 0150,Rajawali Travel 065,PRIVATE,2026-04-28,2026-05-07,CGKDPSCGK,DPS,D,12,DPS,1303000,150000,180000,1633000,1453000,17436000,GRPUM,TICKETED,2026-02-14,12,3127000,,,2026-02-24,JKT,2026-04-15
4,16,2026-04-17,E6RR86,Group 0151,Kenari Travel 172,AGENT,2026-08-08,2026-08-18,CGKDPSCGK,DPS,D,20,DPS,1284000,150000,180000,1614000,1434000,28680000,GRPEC,OPTION,,0,0,,,2026-05-01,JKT,
1,5,2026-01-29,NLJNU7,Group 0152,Samudra Travel 138,PRIVATE,2026-05-10,2026-05-17,CGKJEDCGK,JED,I,12,MEA,15949000,850000,1100000,17899000,16799000,201588000,GRPUM,CANCELLED,,0,0,Group size dropped,,2026-02-12,JKT,
4,14,2026-04-05,TFKNHR,Group 0153,Angkasa Travel 028,AGENT,2026-06-08,2026-06-11,CGKPKUCGK,PKU,D,20,MES,1147000,150000,180000,1477000,1297000,25940000,GVXA2,OPTION,,0,0,,,2026-04-19,JKT,
7,31,2026-07-28,JBAK5J,Group 0154,Cahaya Travel 112,CORP,2026-12-19,2026-12-24,CGKSUBCGK,SUB,D,60,SUB,1421000,150000,180000,1751000,1571000,94260000,GRPEC,CANCELLED,,0,0,Price,CRP0027,2026-08-11,JKT,
8,34,2026-08-23,J5YJNW,Group 0155,Kenari Travel 024,AGENT,2026-12-03,2026-12-08,CGKKNOCGK,KNO,D,60,MES,1632000,150000,180000,1962000,1782000,106920000,GVXA2,TICKETED,2026-08-30,60,19584000,,,2026-09-06,JKT,2026-11-15
2,8,2026-02-20,6T2HX8,Group 0156,Zenith Travel 090,PRIVATE,2026-04-05,2026-04-10,CGKSINCGK,SIN,I,60,ASA,3939000,850000,1100000,5889000,4789000,287340000,GVXA1,TICKETED,2026-02-24,60,47268000,,,2026-03-06,JKT,2026-03-17
2,9,2026-02-24,3XT69F,Group 0157,Angkasa Travel 051,PRIVATE,2026-08-09,2026-08-20,CGKSUBCGK,SUB,D,90,SUB,1214000,150000,180000,1544000,1364000,122760000,GVXA2,TICKETED,2026-03-01,90,21852000,,,2026-03-10,JKT,2026-07-27
2,9,2026-02-27,QZNDZU,Group 0158,Delta Travel 114,AGENT,2026-06-01,2026-06-07,CGKPKUCGK,PKU,D,45,MES,1498000,150000,180000,1828000,1648000,74160000,GVXA1,TICKETED,2026-03-06,45,13482000,,,2026-03-13,JKT,2026-05-14
6,25,2026-06-19,Z7DPQG,Group 0159,Bintang Travel 063,CORP,2026-07-31,2026-08-11,CGKJEDCGK,JED,I,25,MEA,12643000,850000,1100000,14593000,13493000,337325000,GVXA1,CANCELLED,,0,0,Group size dropped,CRP0005,2026-07-03,JKT,
8,35,2026-08-29,E3SJRX,Group 0160,Merak Travel 113,AGENT,2026-12-22,2026-12-30,CGKHKGCGK,HKG,I,25,CTH,5258000,850000,1100000,7208000,6108000,152700000,GRPUM,OPTION,,0,0,,,2026-09-12,JKT,
9,37,2026-09-12,4ZL3P4,Group 0161,Zenith Travel 093,AGENT,2026-10-09,2026-10-15,CGKKNOCGK,KNO,D,12,MES,1540000,150000,180000,1870000,1690000,20280000,GVXA1,TICKETED,2026-09-13,12,3696000,,,2026-09-26,JKT,2026-09-25
8,34,2026-08-22,R26N5N,Group 0162,Zenith Travel 078,AGENT,2026-12-03,2026-12-11,CGKPDGCGK,PDG,D,12,MES,1390000,150000,180000,1720000,1540000,18480000,GVXA2,TICKETED,2026-08-30,12,3336000,,,2026-09-05,JKT,2026-11-15
7,29,2026-07-13,HCL83U,Group 0163,Mentari Travel 054,AGENT,2026-10-22,2026-10-25,CGKPNKCGK,PNK,D,20,JKT,1706000,150000,180000,2036000,1856000,37120000,GVXA2,CANCELLED,,0,0,Group size dropped,,2026-07-27,JKT,
5,20,2026-05-16,5U4YAX,Group 0164,Bintang Travel 011,AGENT,2026-10-18,2026-10-21,CGKBKKCGK,BKK,I,20,ASA,4934000,850000,1100000,6884000,5784000,115680000,GVXA2,OPTION,,0,0,,,2026-05-30,JKT,
1,3,2026-01-18,FHKY29,Group 0165,Atlas Travel 077,AGENT,2026-04-23,2026-04-30,CGKSUBCGK,SUB,D,10,SUB,945000,150000,180000,1275000,1095000,10950000,GRPUM,TICKETED,2026-01-19,10,1890000,,,2026-02-01,JKT,2026-04-07
8,33,2026-08-10,WGUNXV,Group 0166,Harmoni Travel 074,CORP,2026-09-17,2026-09-22,CGKDPSCGK,DPS,D,15,DPS,1879000,150000,180000,2209000,2029000,30435000,GVXA1,TICKETED,2026-08-12,15,5637000,,CRP0006,2026-08-24,JKT,2026-08-31
1,5,2026-01-28,9J3N43,Group 0167,Zenith Travel 108,AGENT,2026-03-16,2026-03-23,CGKDPSCGK,DPS,D,60,DPS,1751000,150000,180000,2081000,1901000,114060000,GRPUM,TICKETED,2026-02-04,60,21012000,,,2026-02-11,JKT,2026-02-26
7,29,2026-07-18,2BHAMN,Group 0168,Samudra Travel 053,CORP,2026-12-18,2026-12-25,CGKSRGCGK,SRG,D,30,JKT,941000,150000,180000,1271000,1091000,32730000,GRPUM,DEPOSIT,2026-07-22,30,5646000,,CRP0015,2026-08-01,JKT,
5,21,2026-05-22,N6LCSM,Group 0169,Atlas Travel 174,AGENT,2026-08-16,2026-08-23,CGKBTHCGK,BTH,D,25,MES,1061000,150000,180000,1391000,1211000,30275000,GRPUM,OPTION,,0,0,,,2026-06-05,JKT,
6,23,2026-06-01,RND38S,Group 0170,Samudra Travel 163,AGENT,2026-08-19,2026-08-24,CGKPKUCGK,PKU,D,45,MES,1289000,150000,180000,1619000,1439000,64755000,GVXA1,CANCELLED,,0,0,Moved to competitor,,2026-06-15,JKT,
2,8,2026-02-18,3D9RQW,Group 0171,Bintang Travel 167,AGENT,2026-08-24,2026-09-02,CGKUPGCGK,UPG,D,20,UPG,2404000,150000,180000,2734000,2554000,51080000,GRPEC,DEPOSIT,2026-02-24,20,9616000,,,2026-03-04,JKT,
2,7,2026-02-11,CSNZQ4,Group 0172,Samudra Travel 025,AGENT,2026-06-07,2026-06-18,CGKDOHCGK,DOH,I,20,MEA,10993000,850000,1100000,12943000,11843000,236860000,GVXA2,CANCELLED,,0,0,Schedule change,,2026-02-25,JKT,
3,10,2026-03-02,2F3B8Z,Group 0173,Samudra Travel 081,CORP,2026-04-27,2026-05-03,CGKPKUCGK,PKU,D,40,MES,1403000,150000,180000,1733000,1553000,62120000,GVXA1,TICKETED,2026-03-09,40,11224000,,CRP0049,2026-03-16,JKT,2026-04-16
3,9,2026-03-01,HTZU2H,Group 0174,Merak Travel 071,AGENT,2026-07-10,2026-07-17,CGKBPNCGK,BPN,D,20,UPG,1634000,150000,180000,1964000,1784000,35680000,GVXA2,CANCELLED,,0,0,Moved to competitor,,2026-03-15,JKT,
7,28,2026-07-09,DHEMXZ,Group 0175,Bintang Travel 082,CORP,2026-11-11,2026-11-21,CGKPLMCGK,PLM,D,45,MES,1116000,150000,180000,1446000,1266000,56970000,GRPUM,TICKETED,2026-07-17,45,10044000,,CRP0068,2026-07-23,JKT,2026-11-04
4,15,2026-04-07,CKAKQQ,Group 0176,Harmoni Travel 153,CORP,2026-06-06,2026-06-16,CGKSINCGK,SIN,I,20,ASA,2938000,850000,1100000,4888000,3788000,75760000,GVXA2,TICKETED,2026-04-08,20,11752000,,CRP0047,2026-04-21,JKT,2026-05-27
5,18,2026-05-03,HNUGT7,Group 0177,Nusa Travel 143,AGENT,2026-08-27,2026-09-01,CGKMDCCGK,MDC,D,60,UPG,3112000,150000,180000,3442000,3262000,195720000,GRPUM,CANCELLED,,0,0,Moved to competitor,,2026-05-17,JKT,
8,32,2026-08-07,8THDFB,Group 0178,Angkasa Travel 028,CORP,2026-11-05,2026-11-12,CGKKNOCGK,KNO,D,40,MES,2022000,150000,180000,2352000,2172000,86880000,GRPEC,DEPOSIT,2026-08-15,40,16176000,,CRP0066,2026-08-21,JKT,
6,25,2026-06-18,ZMZPJM,Group 0179,Lestari Travel 120,AGENT,2026-10-23,2026-10-28,CGKDPSCGK,DPS,D,25,DPS,1902000,150000,180000,2232000,2052000,51300000,GVXA1,CANCELLED,,0,0,Schedule change,,2026-07-02,JKT,
7,28,2026-07-08,YQL562,Group 0180,Harmoni Travel 074,AGENT,2026-09-13,2026-09-22,CGKBPNCGK,BPN,D,90,UPG,2383000,150000,180000,2713000,2533000,227970000,GVXA2,DEPOSIT,2026-07-17,90,42894000,,,2026-07-22,JKT,
3,10,2026-03-04,W36B49,Group 0181,Cahaya Travel 129,PRIVATE,2026-07-02,2026-07-10,CGKPNKCGK,PNK,D,40,JKT,1577000,150000,180000,1907000,1727000,69080000,GRPEC,TICKETED,2026-03-06,40,12616000,,,2026-03-18,JKT,2026-06-22
3,13,2026-03-23,ZE7QGG,Group 0182,Sentosa Travel 061,AGENT,2026-08-22,2026-08-25,CGKSUBCGK,SUB,D,10,SUB,982000,150000,180000,1312000,1132000,11320000,GRPUM,TICKETED,2026-03-31,10,1964000,,,2026-04-06,JKT,2026-08-06
1,1,2026-01-03,4BLW2T,Group 0183,Kenari Travel 133,AGENT,2026-03-19,2026-03-30,CGKSINCGK,SIN,I,40,ASA,3185000,850000,1100000,5135000,4035000,161400000,GVXA2,DEPOSIT,2026-01-08,40,25480000,,,2026-01-17,JKT,
6,26,2026-06-25,G4J3Y5,Group 0184,Mentari Travel 146,CORP,2027-01-01,2027-01-04,CGKDPSCGK,DPS,D,90,DPS,1573000,150000,180000,1903000,1723000,155070000,GRPEC,CANCELLED,,0,0,Schedule change,CRP0008,2026-07-09,JKT,
9,37,2026-09-12,HAUH5M,Group 0185,Zenith Travel 108,CORP,2026-11-28,2026-12-08,CGKKNOCGK,KNO,D,25,MES,1694000,150000,180000,2024000,1844000,46100000,GVXA2,TICKETED,2026-09-21,25,8470000,,CRP0014,2026-09-26,JKT,2026-11-19
9,40,2026-09-28,2DCBWV,Group 0186,Merak Travel 070,PRIVATE,2026-10-19,2026-10-24,CGKKULCGK,KUL,I,12,ASA,2530000,850000,1100000,4480000,3380000,40560000,GVXA1,DEPOSIT,2026-10-05,12,6072000,,,2026-10-12,JKT,
2,7,2026-02-11,X6SY7G,Group 0187,Lestari Travel 120,AGENT,2026-04-13,2026-04-21,CGKSUBCGK,SUB,D,20,SUB,1174000,150000,180000,1504000,1324000,26480000,GRPEC,DEPOSIT,2026-02-19,20,4696000,,,2026-02-25,JKT,
7,30,2026-07-20,NTT5VU,Group 0188,Mentari Travel 146,AGENT,2026-11-25,2026-12-04,CGKBDJCGK,BDJ,D,10,JKT,1417000,150000,180000,1747000,1567000,15670000,GVXA2,CANCELLED,,0,0,Schedule change,,2026-08-03,JKT,
9,38,2026-09-17,GHACPN,Group 0189,Orion Travel 115,PRIVATE,2027-02-20,2027-03-03,CGKPLMCGK,PLM,D,45,MES,1126000,150000,180000,1456000,1276000,57420000,GVXA2,DEPOSIT,2026-09-20,45,10134000,,,2026-10-01,JKT,
9,36,2026-09-01,VF4CEZ,Group 0190,Angkasa Travel 020,AGENT,2027-01-13,2027-01-21,CGKSYDCGK,SYD,I,12,SWP,7694000,850000,1100000,9644000,8544000,102528000,GVXA2,TICKETED,2026-09-09,12,18466000,,,2026-09-15,JKT,2027-01-02
5,22,2026-05-29,MQ7R2P,Group 0191,Kencana Travel 159,AGENT,2026-12-07,2026-12-13,CGKKNOCGK,KNO,D,15,MES,1751000,150000,180000,2081000,1901000,28515000,GRPEC,CANCELLED,,0,0,Price,,2026-06-12,JKT,
5,21,2026-05-21,2RKLKU,Group 0192,Bintang Travel 167,AGENT,2026-11-23,2026-11-30,CGKDPSCGK,DPS,D,15,DPS,1900000,150000,180000,2230000,2050000,30750000,GVXA2,TICKETED,2026-05-26,15,5700000,,,2026-06-04,JKT,2026-11-06
1,4,2026-01-20,6YX7JY,Group 0193,Rajawali Travel 069,PRIVATE,2026-03-11,2026-03-20,CGKSOCCGK,SOC,D,25,JKT,1064000,150000,180000,1394000,1214000,30350000,GRPUM,TICKETED,2026-01-28,25,5320000,,,2026-02-03,JKT,2026-02-20
6,23,2026-06-06,GXMEAD,Group 0194,Lestari Travel 158,PRIVATE,2026-09-18,2026-09-27,CGKSINCGK,SIN,I,40,ASA,3214000,850000,1100000,5164000,4064000,162560000,GRPEC,TICKETED,2026-06-07,40,25712000,,,2026-06-20,JKT,2026-08-30
2,8,2026-02-17,PJ4HXF,Group 0195,Angkasa Travel 020,CORP,2026-06-07,2026-06-18,CGKICNCGK,ICN,I,20,JPK,8979000,850000,1100000,10929000,9829000,196580000,GRPUM,TICKETED,2026-02-20,20,35916000,,CRP0061,2026-03-03,JKT,2026-05-26
2,7,2026-02-11,YUVT22,Group 0196,Samudra Travel 081,AGENT,2026-05-08,2026-05-11,CGKMELCGK,MEL,I,40,SWP,10270000,850000,1100000,12220000,11120000,444800000,GVXA1,TICKETED,2026-02-12,40,82160000,,,2026-02-25,JKT,2026-05-01
9,36,2026-09-05,AP9JRU,Group 0197,Sinar Travel 000,AGENT,2027-03-16,2027-03-26,CGKDPSCGK,DPS,D,45,DPS,1377000,150000,180000,1707000,1527000,68715000,GVXA1,CANCELLED,,0,0,Price,,2026-09-19,JKT,
1,4,2026-01-21,YC3RCC,Group 0198,Nusa Travel 006,AGENT,2026-06-06,2026-06-15,CGKKNOCGK,KNO,D,12,MES,1508000,150000,180000,1838000,1658000,19896000,GRPEC,CANCELLED,,0,0,Price,,2026-02-04,JKT,
6,25,2026-06-18,273Y4Q,Group 0199,Harmoni Travel 062,AGENT,2026-07-17,2026-07-25,CGKPNKCGK,PNK,D,45,JKT,1326000,150000,180000,1656000,1476000,66420000,GVXA2,TICKETED,2026-06-24,45,11934000,,,2026-07-02,JKT,2026-07-02
3,13,2026-03-26,D2KL4H,Group 0200,Harmoni Travel 047,AGENT,2026-05-25,2026-06-05,CGKJEDCGK,JED,I,40,MEA,12269000,850000,1100000,14219000,13119000,524760000,GRPEC,DEPOSIT,2026-04-04,40,98152000,,,2026-04-09,JKT,
5,22,2026-05-30,D6RLTW,Group 0201,Atlas Travel 101,PRIVATE,2026-11-12,2026-11-16,CGKJEDCGK,JED,I,12,MEA,12760000,850000,1100000,14710000,13610000,163320000,GVXA2,DEPOSIT,2026-06-01,12,30624000,,,2026-06-13,JKT,
2,8,2026-02-18,J7A289,Group 0202,Lestari Travel 037,AGENT,2026-03-26,2026-04-02,CGKPLMCGK,PLM,D,12,MES,1301000,150000,180000,1631000,1451000,17412000,GVXA2,OPTION,,0,0,,,2026-03-04,JKT,
7,27,2026-07-03,B5LGCF,Group 0203,Sentosa Travel 083,AGENT,2026-10-17,2026-10-28,CGKSYDCGK,SYD,I,15,SWP,9809000,850000,1100000,11759000,10659000,159885000,GVXA1,CANCELLED,,0,0,Group size dropped,,2026-07-17,JKT,
8,33,2026-08-10,55J34W,Group 0204,Lestari Travel 030,AGENT,2026-09-11,2026-09-15,CGKBDJCGK,BDJ,D,20,JKT,1704000,150000,180000,2034000,1854000,37080000,GRPEC,TICKETED,2026-08-15,20,6816000,,,2026-08-24,JKT,2026-08-31
9,37,2026-09-08,GUE4HD,Group 0205,Rajawali Travel 175,AGENT,2027-02-16,2027-02-25,CGKBPNCGK,BPN,D,15,UPG,1697000,150000,180000,2027000,1847000,27705000,GRPUM,DEPOSIT,2026-09-11,15,5091000,,,2026-09-22,JKT,
6,26,2026-06-22,QBTPUW,Group 0206,Delta Travel 141,CORP,2026-07-16,2026-07-26,CGKSRGCGK,SRG,D,12,JKT,949000,150000,180000,1279000,1099000,13188000,GVXA1,TICKETED,2026-06-25,12,2278000,,CRP0011,2026-07-06,JKT,2026-07-09
9,38,2026-09-14,FK52DK,Group 0207,Sinar Travel 155,AGENT,2026-12-06,2026-12-15,CGKBTHCGK,BTH,D,25,MES,1611000,150000,180000,1941000,1761000,44025000,GVXA1,DEPOSIT,2026-09-20,25,8055000,,,2026-09-28,JKT,
5,20,2026-05-17,Z4XN67,Group 0208,Nusa Travel 151,AGENT,2026-09-23,2026-09-30,CGKPLMCGK,PLM,D,15,MES,1002000,150000,180000,1332000,1152000,17280000,GVXA1,TICKETED,2026-05-26,15,3006000,,,2026-05-31,JKT,2026-09-15
8,33,2026-08-11,V2LRXZ,Group 0209,Delta Travel 055,PRIVATE,2027-02-08,2027-02-13,CGKSYDCGK,SYD,I,30,SWP,9717000,850000,1100000,11667000,10567000,317010000,GRPEC,TICKETED,2026-08-14,30,58302000,,,2026-08-25,JKT,2027-01-26
4,16,2026-04-13,D8WY74,Group 0210,Zenith Travel 154,CORP,2026-07-07,2026-07-18,CGKSYDCGK,SYD,I,20,SWP,10988000,850000,1100000,12938000,11838000,236760000,GRPUM,TICKETED,2026-04-15,20,43952000,,CRP0019,2026-04-27,JKT,2026-06-21
3,12,2026-03-18,5M2378,Group 0211,Pelangi Travel 080,AGENT,2026-07-22,2026-07-27,CGKBPNCGK,BPN,D,20,UPG,1704000,150000,180000,2034000,1854000,37080000,GVXA2,CANCELLED,,0,0,Group size dropped,,2026-04-01,JKT,
4,16,2026-04-18,YKANPV,Group 0212,Sinar Travel 155,AGENT,2026-09-01,2026-09-09,CGKJEDCGK,JED,I,30,MEA,10815000,850000,1100000,12765000,11665000,349950000,GVXA1,OPTION,,0,0,,,2026-05-02,JKT,
9,37,2026-09-13,DF2W6Y,Group 0213,Harmoni Travel 062,CORP,2026-10-28,2026-11-07,CGKSUBCGK,SUB,D,40,SUB,1458000,150000,180000,1788000,1608000,64320000,GVXA2,TICKETED,2026-09-14,40,11664000,,CRP0044,2026-09-27,JKT,2026-10-13
2,8,2026-02-20,K5JV89,Group 0214,Bintang Travel 009,CORP,2026-07-15,2026-07-22,CGKSUBCGK,SUB,D,40,SUB,1063000,150000,180000,1393000,1213000,48520000,GVXA2,OPTION,,0,0,,CRP0009,2026-03-06,JKT,
7,31,2026-07-31,4GZPCC,Group 0215,Bintang Travel 066,PRIVATE,2026-08-29,2026-09-07,CGKSUBCGK,SUB,D,30,SUB,960000,150000,180000,1290000,1110000,33300000,GRPUM,TICKETED,2026-08-07,30,5760000,,,2026-08-14,JKT,2026-08-20
6,25,2026-06-17,7GAAZ8,Group 0216,Atlas Travel 136,AGENT,2026-11-03,2026-11-14,CGKPDGCGK,PDG,D,10,MES,1771000,150000,180000,2101000,1921000,19210000,GVXA1,OPTION,,0,0,,,2026-07-01,JKT,
8,34,2026-08-20,4FKPRH,Group 0217,Bintang Travel 139,AGENT,2026-11-07,2026-11-12,CGKDPSCGK,DPS,D,10,DPS,1267000,150000,180000,1597000,1417000,14170000,GVXA2,OPTION,,0,0,,,2026-09-03,JKT,
2,7,2026-02-11,7ENCE4,Group 0218,Mentari Travel 085,PRIVATE,2026-03-11,2026-03-21,CGKJEDCGK,JED,I,90,MEA,14888000,850000,1100000,16838000,15738000,1416420000,GRPUM,TICKETED,2026-02-13,90,267984000,,,2026-02-25,JKT,2026-02-20
6,25,2026-06-20,6DWS7X,Group 0219,Bintang Travel 075,AGENT,2026-12-02,2026-12-07,CGKBKKCGK,BKK,I,30,ASA,5021000,850000,1100000,6971000,5871000,176130000,GVXA2,TICKETED,2026-06-27,30,30126000,,,2026-07-04,JKT,2026-11-14
9,39,2026-09-26,CETRUU,Group 0220,Pelangi Travel 068,AGENT,2026-11-17,2026-11-27,CGKDPSCGK,DPS,D,15,DPS,1768000,150000,180000,2098000,1918000,28770000,GVXA1,DEPOSIT,2026-10-01,15,5304000,,,2026-10-10,JKT,
8,34,2026-08-20,UTXVSQ,Group 0221,Mentari Travel 146,AGENT,2026-11-19,2026-11-29,CGKSUBCGK,SUB,D,45,SUB,1312000,150000,180000,1642000,1462000,65790000,GRPUM,TICKETED,2026-08-21,45,11808000,,,2026-09-03,JKT,2026-11-06
7,31,2026-07-29,GLHG5W,Group 0222,Lestari Travel 158,AGENT,2026-12-02,2026-12-11,CGKUPGCGK,UPG,D,90,UPG,2028000,150000,180000,2358000,2178000,196020000,GVXA1,DEPOSIT,2026-07-30,90,36504000,,,2026-08-12,JKT,
1,2,2026-01-05,G6D7JJ,Group 0223,Sinar Travel 002,AGENT,2026-05-01,2026-05-10,CGKSUBCGK,SUB,D,30,SUB,1348000,150000,180000,1678000,1498000,44940000,GRPEC,CANCELLED,,0,0,Price,,2026-01-19,JKT,
9,37,2026-09-12,WA25E3,Group 0224,Kenari Travel 099,AGENT,2027-01-30,2027-02-07,CGKKULCGK,KUL,I,20,ASA,2936000,850000,1100000,4886000,3786000,75720000,GVXA2,CANCELLED,,0,0,Schedule change,,2026-09-26,JKT,
7,28,2026-07-11,ZWQUSV,Group 0225,Delta Travel 114,AGENT,2027-01-13,2027-01-22,CGKUPGCGK,UPG,D,30,UPG,1857000,150000,180000,2187000,2007000,60210000,GRPEC,DEPOSIT,2026-07-20,30,11142000,,,2026-07-25,JKT,
1,2,2026-01-07,EBZ4QQ,Group 0226,Merak Travel 130,AGENT,2026-02-18,2026-02-23,CGKJEDCGK,JED,I,30,MEA,16486000,850000,1100000,18436000,17336000,520080000,GRPEC,CANCELLED,,0,0,Moved to competitor,,2026-01-21,JKT,
6,27,2026-06-30,ZT87N3,Group 0227,Angkasa Travel 126,AGENT,2026-08-09,2026-08-18,CGKPKUCGK,PKU,D,90,MES,1526000,150000,180000,1856000,1676000,150840000,GRPUM,OPTION,,0,0,,,2026-07-14,JKT,
9,39,2026-09-21,FVCD79,Group 0228,Pelangi Travel 068,AGENT,2027-03-26,2027-03-29,CGKNRTCGK,NRT,I,40,JPK,12774000,850000,1100000,14724000,13624000,544960000,GRPEC,TICKETED,2026-09-27,40,102192000,,,2026-10-05,JKT,2027-03-15
9,39,2026-09-25,QQL8UC,Group 0229,Merak Travel 071,AGENT,2027-02-13,2027-02-19,CGKHKGCGK,HKG,I,60,CTH,5388000,850000,1100000,7338000,6238000,374280000,GRPUM,DEPOSIT,2026-09-29,60,64656000,,,2026-10-09,JKT,
2,7,2026-02-11,EEKHKH,Group 0230,Sinar Travel 014,AGENT,2026-03-07,2026-03-15,CGKICNCGK,ICN,I,12,JPK,7893000,850000,1100000,9843000,8743000,104916000,GRPEC,CANCELLED,,0,0,Group size dropped,,2026-02-25,JKT,
4,18,2026-04-27,7UN5BP,Group 0231,Angkasa Travel 001,AGENT,2026-08-04,2026-08-12,CGKYIACGK,YIA,D,12,JKT,837000,150000,180000,1167000,987000,11844000,GVXA1,CANCELLED,,0,0,Group size dropped,,2026-05-11,JKT,
5,20,2026-05-15,7EFWP3,Group 0232,Pelangi Travel 079,AGENT,2026-11-10,2026-11-19,CGKPLMCGK,PLM,D,90,MES,946000,150000,180000,1276000,1096000,98640000,GRPUM,DEPOSIT,2026-05-23,90,17028000,,,2026-05-29,JKT,
8,31,2026-08-01,LP8WS3,Group 0233,Kenari Travel 166,AGENT,2027-01-03,2027-01-11,CGKKULCGK,KUL,I,20,ASA,3922000,850000,1100000,5872000,4772000,95440000,GRPUM,OPTION,,0,0,,,2026-08-15,JKT,
5,21,2026-05-19,Z35FNQ,Group 0234,Sentosa Travel 147,AGENT,2026-09-04,2026-09-08,CGKKNOCGK,KNO,D,90,MES,1832000,150000,180000,2162000,1982000,178380000,GVXA1,TICKETED,2026-05-23,90,32976000,,,2026-06-02,JKT,2026-08-20
3,10,2026-03-05,MZKHNW,Group 0235,Samudra Travel 056,AGENT,2026-07-18,2026-07-29,CGKPDGCGK,PDG,D,60,MES,1861000,150000,180000,2191000,2011000,120660000,GVXA1,TICKETED,2026-03-13,60,22332000,,,2026-03-19,JKT,2026-07-03
8,33,2026-08-14,2KLKR2,Group 0236,Bintang Travel 118,AGENT,2026-10-08,2026-10-18,CGKBTHCGK,BTH,D,30,MES,1123000,150000,180000,1453000,1273000,38190000,GRPUM,OPTION,,0,0,,,2026-08-28,JKT,
1,5,2026-01-29,XYR9QW,Group 0237,Samudra Travel 081,AGENT,2026-04-04,2026-04-09,CGKDPSCGK,DPS,D,60,DPS,1398000,150000,180000,1728000,1548000,92880000,GVXA2,TICKETED,2026-02-06,60,16776000,,,2026-02-12,JKT,2026-03-18
1,4,2026-01-19,QRQ2VR,Group 0238,Samudra Travel 122,CORP,2026-04-20,2026-04-26,CGKBTHCGK,BTH,D,15,MES,1083000,150000,180000,1413000,1233000,18495000,GRPEC,CANCELLED,,0,0,Price,CRP0014,2026-02-02,JKT,
2,7,2026-02-10,YW7LVF,Group 0239,Pelangi Travel 068,CORP,2026-04-22,2026-05-02,CGKYIACGK,YIA,D,20,JKT,1208000,150000,180000,1538000,1358000,27160000,GVXA1,CANCELLED,,0,0,Group size dropped,CRP0070,2026-02-24,JKT,
8,32,2026-08-04,TDDN4D,Group 0240,Samudra Travel 163,CORP,2026-11-21,2026-11-28,CGKKULCGK,KUL,I,15,ASA,3016000,850000,1100000,4966000,3866000,57990000,GVXA1,OPTION,,0,0,,CRP0034,2026-08-18,JKT,
9,38,2026-09-17,MBGXHQ,Group 0241,Nusa Travel 040,AGENT,2027-03-04,2027-03-11,CGKUPGCGK,UPG,D,10,UPG,2005000,150000,180000,2335000,2155000,21550000,GRPUM,CANCELLED,,0,0,Group size dropped,,2026-10-01,JKT,
2,7,2026-02-11,JXZUHH,Group 0242,Sentosa Travel 041,AGENT,2026-08-26,2026-09-02,CGKNRTCGK,NRT,I,15,JPK,13061000,850000,1100000,15011000,13911000,208665000,GRPEC,TICKETED,2026-02-20,15,39183000,,,2026-02-25,JKT,2026-08-19
3,13,2026-03-24,VCQXHM,Group 0243,Rajawali Travel 169,AGENT,2026-04-29,2026-05-07,CGKPKUCGK,PKU,D,30,MES,1471000,150000,180000,1801000,1621000,48630000,GVXA2,TICKETED,2026-04-01,30,8826000,,,2026-04-07,JKT,2026-04-18
8,33,2026-08-10,A97LCV,Group 0244,Samudra Travel 134,AGENT,2027-01-17,2027-01-22,CGKSUBCGK,SUB,D,25,SUB,1200000,150000,180000,1530000,1350000,33750000,GVXA1,CANCELLED,,0,0,Price,,2026-08-24,JKT,
3,14,2026-03-31,K4FS7K,Group 0245,Harmoni Travel 091,AGENT,2026-05-20,2026-05-26,CGKSINCGK,SIN,I,20,ASA,3469000,850000,1100000,5419000,4319000,86380000,GRPUM,DEPOSIT,2026-04-02,20,13876000,,,2026-04-14,JKT,
7,30,2026-07-26,YACKTM,Group 0246,Samudra Travel 138,AGENT,2026-09-30,2026-10-08,CGKPNKCGK,PNK,D,25,JKT,1559000,150000,180000,1889000,1709000,42725000,GVXA2,TICKETED,2026-08-02,25,7795000,,,2026-08-09,JKT,2026-09-11
2,7,2026-02-10,GWQBXH,Group 0247,Merak Travel 130,AGENT,2026-06-12,2026-06-23,CGKDPSCGK,DPS,D,90,DPS,1960000,150000,180000,2290000,2110000,189900000,GRPEC,TICKETED,2026-02-17,90,35280000,,,2026-02-24,JKT,2026-05-30
7,31,2026-07-30,7AP2DJ,Group 0248,Harmoni Travel 007,PRIVATE,2026-08-31,2026-09-06,CGKYIACGK,YIA,D,45,JKT,1221000,150000,180000,1551000,1371000,61695000,GVXA1,OPTION,,0,0,,,2026-08-13,JKT,
7,30,2026-07-21,5Y7GGP,Group 0249,Kencana Travel 042,AGENT,2026-10-30,2026-11-03,CGKMDCCGK,MDC,D,12,UPG,2823000,150000,180000,3153000,2973000,35676000,GVXA2,OPTION,,0,0,,,2026-08-04,JKT,
8,32,2026-08-07,AH9V8L,Group 0250,Samudra Travel 003,AGENT,2026-10-13,2026-10-21,CGKSYDCGK,SYD,I,60,SWP,9428000,850000,1100000,11378000,10278000,616680000,GVXA2,CANCELLED,,0,0,Price,,2026-08-21,JKT,
5,20,2026-05-16,YM3P8P,Group 0251,Orion Travel 111,PRIVATE,2026-09-11,2026-09-18,CGKDPSCGK,DPS,D,90,DPS,1980000,150000,180000,2310000,2130000,191700000,GRPEC,OPTION,,0,0,,,2026-05-30,JKT,
2,9,2026-02-23,2X6D77,Group 0252,Harmoni Travel 091,AGENT,2026-07-11,2026-07-18,CGKJEDCGK,JED,I,90,MEA,15545000,850000,1100000,17495000,16395000,1475550000,GRPUM,TICKETED,2026-02-28,90,279810000,,,2026-03-09,JKT,2026-06-28
2,9,2026-02-25,NLHDVW,Group 0253,Merak Travel 130,AGENT,2026-08-29,2026-09-09,CGKBPNCGK,BPN,D,25,UPG,2316000,150000,180000,2646000,2466000,61650000,GVXA2,OPTION,,0,0,,,2026-03-11,JKT,
6,24,2026-06-08,BG3SE8,Group 0254,Kenari Travel 045,AGENT,2026-07-05,2026-07-12,CGKJEDCGK,JED,I,12,MEA,10790000,850000,1100000,12740000,11640000,139680000,GVXA2,TICKETED,2026-06-12,12,25896000,,,2026-06-22,JKT,2026-06-21
1,5,2026-01-31,TPT8LX,Group 0255,Rajawali Travel 175,CORP,2026-04-01,2026-04-07,CGKBTHCGK,BTH,D,10,MES,1223000,150000,180000,1553000,1373000,13730000,GRPUM,CANCELLED,,0,0,Group size dropped,CRP0028,2026-02-14,JKT,
3,12,2026-03-18,MFVT29,Group 0256,Samudra Travel 105,AGENT,2026-08-09,2026-08-15,CGKBKKCGK,BKK,I,10,ASA,4067000,850000,1100000,6017000,4917000,49170000,GVXA2,TICKETED,2026-03-20,10,8134000,,,2026-04-01,JKT,2026-07-24
6,24,2026-06-13,VDNNU3,Group 0257,Bintang Travel 075,PRIVATE,2026-09-03,2026-09-12,CGKPKUCGK,PKU,D,10,MES,1415000,150000,180000,1745000,1565000,15650000,GVXA2,DEPOSIT,2026-06-16,10,2830000,,,2026-06-27,JKT,
3,12,2026-03-19,HA5ZK3,Group 0258,Harmoni Travel 156,CORP,2026-08-10,2026-08-15,CGKPNKCGK,PNK,D,15,JKT,1597000,150000,180000,1927000,1747000,26205000,GRPUM,TICKETED,2026-03-26,15,4791000,,CRP0047,2026-04-02,JKT,2026-08-03
8,34,2026-08-23,KD26B7,Group 0259,Zenith Travel 027,PRIVATE,2027-02-01,2027-02-10,CGKKNOCGK,KNO,D,90,MES,2081000,150000,180000,2411000,2231000,200790000,GRPEC,TICKETED,2026-08-24,90,37458000,,,2026-09-06,JKT,2027-01-18
3,10,2026-03-02,G2WXLC,Group 0260,Nusa Travel 012,AGENT,2026-07-01,2026-07-12,CGKBTHCGK,BTH,D,45,MES,1379000,150000,180000,1709000,1529000,68805000,GVXA1,TICKETED,2026-03-05,45,12411000,,,2026-03-16,JKT,2026-06-18
4,14,2026-04-03,GDZFUJ,Group 0261,Bintang Travel 167,CORP,2026-08-12,2026-08-15,CGKSINCGK,SIN,I,90,ASA,3437000,850000,1100000,5387000,4287000,385830000,GRPUM,DEPOSIT,2026-04-07,90,61866000,,CRP0001,2026-04-17,JKT,
1,4,2026-01-23,MS9ESD,Group 0262,Merak Travel 148,AGENT,2026-03-07,2026-03-15,CGKHKGCGK,HKG,I,60,CTH,5872000,850000,1100000,7822000,6722000,403320000,GRPUM,OPTION,,0,0,,,2026-02-06,JKT,
5,22,2026-05-26,G2TJC4,Group 0263,Orion Travel 149,PRIVATE,2026-10-11,2026-10-22,CGKSINCGK,SIN,I,20,ASA,2927000,850000,1100000,4877000,3777000,75540000,GRPEC,TICKETED,2026-05-27,20,11708000,,,2026-06-09,JKT,2026-09-29
8,35,2026-08-26,B5EADN,Group 0264,Zenith Travel 090,AGENT,2026-10-10,2026-10-15,CGKDJJCGK,DJJ,D,60,UPG,3174000,150000,180000,3504000,3324000,199440000,GRPUM,TICKETED,2026-08-31,60,38088000,,,2026-09-09,JKT,2026-09-29
6,23,2026-06-04,TA4MSE,Group 0265,Lestari Travel 035,CORP,2026-07-12,2026-07-19,CGKPVGCGK,PVG,I,45,CTH,7872000,850000,1100000,9822000,8722000,392490000,GVXA2,TICKETED,2026-06-12,45,70848000,,CRP0029,2026-06-18,JKT,2026-06-30
4,15,2026-04-10,KQNDQP,Group 0266,Harmoni Travel 121,CORP,2026-06-09,2026-06-20,CGKUPGCGK,UPG,D,45,UPG,2293000,150000,180000,2623000,2443000,109935000,GRPEC,TICKETED,2026-04-11,45,20637000,,CRP0005,2026-04-24,JKT,2026-06-01
7,28,2026-07-09,UVJ634,Group 0267,Harmoni Travel 047,AGENT,2026-10-04,2026-10-09,CGKMDCCGK,MDC,D,30,UPG,3301000,150000,180000,3631000,3451000,103530000,GRPEC,OPTION,,0,0,,,2026-07-23,JKT,
3,13,2026-03-27,DCMVZH,Group 0268,Zenith Travel 154,AGENT,2026-09-24,2026-09-29,CGKYIACGK,YIA,D,30,JKT,1030000,150000,180000,1360000,1180000,35400000,GRPUM,DEPOSIT,2026-04-01,30,6180000,,,2026-04-10,JKT,
8,33,2026-08-12,4VLSWD,Group 0269,Pelangi Travel 165,AGENT,2027-01-28,2027-02-07,CGKBPNCGK,BPN,D,40,UPG,2002000,150000,180000,2332000,2152000,86080000,GVXA2,TICKETED,2026-08-17,40,16016000,,,2026-08-26,JKT,2027-01-09
7,31,2026-07-28,9BTLE9,Group 0270,Cahaya Travel 033,AGENT,2026-08-24,2026-08-28,CGKYIACGK,YIA,D,12,JKT,907000,150000,180000,1237000,1057000,12684000,GVXA1,OPTION,,0,0,,,2026-08-11,JKT,
8,32,2026-08-09,DMK9AW,Group 0271,Kenari Travel 045,AGENT,2027-01-11,2027-01-17,CGKBPNCGK,BPN,D,60,UPG,2222000,150000,180000,2552000,2372000,142320000,GRPUM,CANCELLED,,0,0,Schedule change,,2026-08-23,JKT,
8,32,2026-08-08,V8NAC7,Group 0272,Sinar Travel 014,PRIVATE,2026-10-06,2026-10-16,CGKUPGCGK,UPG,D,60,UPG,1762000,150000,180000,2092000,1912000,114720000,GRPUM,CANCELLED,,0,0,Schedule change,,2026-08-22,JKT,
4,15,2026-04-08,977NJN,Group 0273,Mentari Travel 085,AGENT,2026-09-17,2026-09-23,CGKPNKCGK,PNK,D,10,JKT,1377000,150000,180000,1707000,1527000,15270000,GVXA1,OPTION,,0,0,,,2026-04-22,JKT,
9,38,2026-09-17,D7L5JQ,Group 0274,Rajawali Travel 169,PRIVATE,2027-03-02,2027-03-05,CGKYIACGK,YIA,D,12,JKT,1027000,150000,180000,1357000,1177000,14124000,GRPEC,DEPOSIT,2026-09-24,12,2465000,,,2026-10-01,JKT,
5,21,2026-05-18,RU9YDX,Group 0275,Bintang Travel 066,AGENT,2026-07-31,2026-08-06,CGKJEDCGK,JED,I,12,MEA,16066000,850000,1100000,18016000,16916000,202992000,GVXA2,TICKETED,2026-05-22,12,38558000,,,2026-06-01,JKT,2026-07-22
1,5,2026-01-28,P9MX7T,Group 0276,Rajawali Travel 169,AGENT,2026-07-15,2026-07-25,CGKMDCCGK,MDC,D,15,UPG,3592000,150000,180000,3922000,3742000,56130000,GRPUM,CANCELLED,,0,0,Schedule change,,2026-02-11,JKT,
1,3,2026-01-12,C33DLR,Group 0277,Kencana Travel 104,AGENT,2026-03-09,2026-03-16,CGKSUBCGK,SUB,D,30,SUB,960000,150000,180000,1290000,1110000,33300000,GRPUM,TICKETED,2026-01-13,30,5760000,,,2026-01-26,JKT,2026-02-18
4,17,2026-04-25,2JGBUQ,Group 0278,Kencana Travel 042,CORP,2026-07-10,2026-07-16,CGKYIACGK,YIA,D,15,JKT,1151000,150000,180000,1481000,1301000,19515000,GRPEC,CANCELLED,,0,0,Schedule change,CRP0028,2026-05-09,JKT,
4,15,2026-04-08,EHYM5Q,Group 0279,Permata Travel 094,AGENT,2026-04-28,2026-05-05,CGKUPGCGK,UPG,D,25,UPG,2393000,150000,180000,2723000,2543000,63575000,GVXA1,TICKETED,2026-04-11,25,11965000,,,2026-04-22,JKT,2026-04-11
7,27,2026-07-02,AMLGSZ,Group 0280,Merak Travel 144,AGENT,2026-07-26,2026-08-05,CGKKULCGK,KUL,I,30,ASA,2973000,850000,1100000,4923000,3823000,114690000,GVXA2,OPTION,,0,0,,,2026-07-16,JKT,
8,34,2026-08-22,JFFY48,Group 0281,Rajawali Travel 125,AGENT,2026-11-06,2026-11-17,CGKNRTCGK,NRT,I,60,JPK,9337000,850000,1100000,11287000,10187000,611220000,GVXA1,TICKETED,2026-08-31,60,112044000,,,2026-09-05,JKT,2026-10-21
9,38,2026-09-19,SU4X9R,Group 0282,Orion Travel 149,CORP,2027-01-19,2027-01-26,CGKICNCGK,ICN,I,60,JPK,9525000,850000,1100000,11475000,10375000,622500000,GVXA2,TICKETED,2026-09-23,60,114300000,,CRP0040,2026-10-03,JKT,2026-12-31
9,37,2026-09-09,NVNK3G,Group 0283,Bintang Travel 075,AGENT,2026-12-16,2026-12-21,CGKBDJCGK,BDJ,D,40,JKT,1723000,150000,180000,2053000,1873000,74920000,GVXA2,OPTION,,0,0,,,2026-09-23,JKT,
6,26,2026-06-28,8PRTZ3,Group 0284,Kencana Travel 049,AGENT,2026-07-20,2026-07-31,CGKKNOCGK,KNO,D,30,MES,1907000,150000,180000,2237000,2057000,61710000,GVXA1,TICKETED,2026-06-29,30,11442000,,,2026-07-12,JKT,2026-07-08
6,24,2026-06-08,CUM52B,Group 0285,Orion Travel 142,AGENT,2026-10-28,2026-11-03,CGKKNOCGK,KNO,D,60,MES,1435000,150000,180000,1765000,1585000,95100000,GVXA1,TICKETED,2026-06-17,60,17220000,,,2026-06-22,JKT,2026-10-19
5,19,2026-05-06,ZECPBA,Group 0286,Kencana Travel 097,AGENT,2026-07-03,2026-07-09,CGKHKGCGK,HKG,I,40,CTH,5065000,850000,1100000,7015000,5915000,236600000,GVXA2,OPTION,,0,0,,,2026-05-20,JKT,
6,24,2026-06-08,N26DKQ,Group 0287,Kencana Travel 048,CORP,2026-11-16,2026-11-20,CGKPLMCGK,PLM,D,90,MES,1315000,150000,180000,1645000,1465000,131850000,GRPUM,TICKETED,2026-06-15,90,23670000,,CRP0034,2026-06-22,JKT,2026-10-29
4,14,2026-04-02,D56EW5,Group 0288,Kenari Travel 166,CORP,2026-06-04,2026-06-09,CGKKULCGK,KUL,I,40,ASA,2734000,850000,1100000,4684000,3584000,143360000,GVXA2,OPTION,,0,0,,CRP0027,2026-04-16,JKT,
7,30,2026-07-20,BXPCTM,Group 0289,Lestari Travel 120,CORP,2026-11-18,2026-11-24,CGKPKUCGK,PKU,D,30,MES,1229000,150000,180000,1559000,1379000,41370000,GVXA2,CANCELLED,,0,0,Moved to competitor,CRP0026,2026-08-03,JKT,
4,17,2026-04-21,MJ6XJ9,Group 0290,Sentosa Travel 013,AGENT,2026-09-16,2026-09-21,CGKSOCCGK,SOC,D,60,JKT,895000,150000,180000,1225000,1045000,62700000,GRPEC,TICKETED,2026-04-24,60,10740000,,,2026-05-05,JKT,2026-09-07
9,36,2026-09-02,Y8U87P,Group 0291,Nusa Travel 006,CORP,2027-01-25,2027-01-29,CGKPDGCGK,PDG,D,30,MES,1759000,150000,180000,2089000,1909000,57270000,GVXA1,OPTION,,0,0,,CRP0035,2026-09-16,JKT,
7,27,2026-07-04,EQ8KP8,Group 0292,Bintang Travel 167,AGENT,2026-08-18,2026-08-24,CGKSINCGK,SIN,I,25,ASA,3084000,850000,1100000,5034000,3934000,98350000,GRPUM,TICKETED,2026-07-12,25,15420000,,,2026-07-18,JKT,2026-08-11
4,17,2026-04-21,NAHFNZ,Group 0293,Sinar Travel 014,AGENT,2026-06-21,2026-06-26,CGKPKUCGK,PKU,D,45,MES,1730000,150000,180000,2060000,1880000,84600000,GRPEC,CANCELLED,,0,0,Group size dropped,,2026-05-05,JKT,
8,35,2026-08-26,39RXJT,Group 0294,Kencana Travel 119,CORP,2027-01-03,2027-01-10,CGKSRGCGK,SRG,D,15,JKT,719000,150000,180000,1049000,869000,13035000,GVXA2,DEPOSIT,2026-08-31,15,2157000,,CRP0067,2026-09-09,JKT,
1,1,2026-01-03,GNLKKK,Group 0295,Mentari Travel 085,AGENT,2026-04-27,2026-05-01,CGKUPGCGK,UPG,D,40,UPG,2276000,150000,180000,2606000,2426000,97040000,GVXA1,OPTION,,0,0,,,2026-01-17,JKT,
8,32,2026-08-03,EKFFGR,Group 0296,Pelangi Travel 137,AGENT,2026-08-26,2026-09-02,CGKDPSCGK,DPS,D,90,DPS,1289000,150000,180000,1619000,1439000,129510000,GRPEC,TICKETED,2026-08-04,90,23202000,,,2026-08-17,JKT,2026-08-13
5,18,2026-05-03,6HY4RU,Group 0297,Delta Travel 050,PRIVATE,2026-10-05,2026-10-14,CGKBPNCGK,BPN,D,60,UPG,1517000,150000,180000,1847000,1667000,100020000,GRPEC,DEPOSIT,2026-05-09,60,18204000,,,2026-05-17,JKT,
5,22,2026-05-27,3KYR5Y,Group 0298,Angkasa Travel 038,AGENT,2026-08-12,2026-08-20,CGKDPSCGK,DPS,D,90,DPS,1998000,150000,180000,2328000,2148000,193320000,GRPEC,OPTION,,0,0,,,2026-06-10,JKT,
8,33,2026-08-11,DKZFET,Group 0299,Sinar Travel 014,AGENT,2026-11-15,2026-11-19,CGKDOHCGK,DOH,I,20,MEA,9237000,850000,1100000,11187000,10087000,201740000,GVXA2,DEPOSIT,2026-08-20,20,36948000,,,2026-08-25,JKT,
5,21,2026-05-19,DWSH4S,Group 0300,Rajawali Travel 065,CORP,2026-07-30,2026-08-04,CGKSUBCGK,SUB,D,12,SUB,1448000,150000,180000,1778000,1598000,19176000,GVXA2,TICKETED,2026-05-20,12,3475000,,CRP0065,2026-06-02,JKT,2026-07-20
1,2,2026-01-09,GXCMAM,Group 0301,Rajawali Travel 169,PRIVATE,2026-06-03,2026-06-14,CGKKULCGK,KUL,I,30,ASA,2601000,850000,1100000,4551000,3451000,103530000,GRPUM,CANCELLED,,0,0,Price,,2026-01-23,JKT,
2,7,2026-02-10,G9JAM3,Group 0302,Merak Travel 131,CORP,2026-03-21,2026-03-25,CGKNRTCGK,NRT,I,12,JPK,13032000,850000,1100000,14982000,13882000,166584000,GVXA2,OPTION,,0,0,,CRP0043,2026-02-24,JKT,
8,34,2026-08-18,S3KKXT,Group 0303,Lestari Travel 037,CORP,2026-12-19,2026-12-30,CGKDJJCGK,DJJ,D,60,UPG,3052000,150000,180000,3382000,3202000,192120000,GVXA2,TICKETED,2026-08-23,60,36624000,,CRP0066,2026-09-01,JKT,2026-12-11
8,34,2026-08-22,9JK6Y4,Group 0304,Rajawali Travel 125,AGENT,2026-10-01,2026-10-05,CGKPKUCGK,PKU,D,30,MES,1738000,150000,180000,2068000,1888000,56640000,GVXA1,TICKETED,2026-08-23,30,10428000,,,2026-09-05,JKT,2026-09-19
6,27,2026-06-29,Q2FS26,Group 0305,Samudra Travel 056,CORP,2026-11-17,2026-11-22,CGKSUBCGK,SUB,D,90,SUB,1476000,150000,180000,1806000,1626000,146340000,GVXA2,OPTION,,0,0,,CRP0048,2026-07-13,JKT,
7,28,2026-07-06,77HGWV,Group 0306,Nusa Travel 179,AGENT,2026-08-20,2026-08-28,CGKSRGCGK,SRG,D,12,JKT,979000,150000,180000,1309000,1129000,13548000,GRPEC,DEPOSIT,2026-07-08,12,2350000,,,2026-07-20,JKT,
4,15,2026-04-09,NCV64L,Group 0307,Nusa Travel 012,AGENT,2026-07-22,2026-07-29,CGKUPGCGK,UPG,D,25,UPG,1761000,150000,180000,2091000,1911000,47775000,GVXA1,TICKETED,2026-04-13,25,8805000,,,2026-04-23,JKT,2026-07-03
4,15,2026-04-09,U22GX9,Group 0308,Kenari Travel 172,CORP,2026-09-29,2026-10-08,CGKKNOCGK,KNO,D,12,MES,1686000,150000,180000,2016000,1836000,22032000,GRPUM,OPTION,,0,0,,CRP0049,2026-04-23,JKT,
3,13,2026-03-24,74M2Y7,Group 0309,Zenith Travel 157,AGENT,2026-05-12,2026-05-17,CGKBTHCGK,BTH,D,10,MES,1437000,150000,180000,1767000,1587000,15870000,GRPUM,TICKETED,2026-04-02,10,2874000,,,2026-04-07,JKT,2026-04-30
8,34,2026-08-23,WNSMNG,Group 0310,Harmoni Travel 021,AGENT,2026-11-11,2026-11-22,CGKUPGCGK,UPG,D,12,UPG,2497000,150000,180000,2827000,2647000,31764000,GVXA2,DEPOSIT,2026-08-30,12,5993000,,,2026-09-06,JKT,
7,29,2026-07-16,NKUQ8D,Group 0311,Harmoni Travel 047,AGENT,2027-01-02,2027-01-13,CGKSYDCGK,SYD,I,30,SWP,8705000,850000,1100000,10655000,9555000,286650000,GRPEC,TICKETED,2026-07-23,30,52230000,,,2026-07-30,JKT,2026-12-24
1,5,2026-01-29,M3CU8B,Group 0312,Orion Travel 128,CORP,2026-04-13,2026-04-24,CGKICNCGK,ICN,I,45,JPK,8070000,850000,1100000,10020000,8920000,401400000,GVXA2,CANCELLED,,0,0,Moved to competitor,CRP0067,2026-02-12,JKT,
6,26,2026-06-25,FWXGF3,Group 0313,Samudra Travel 003,AGENT,2026-08-13,2026-08-17,CGKKNOCGK,KNO,D,12,MES,1660000,150000,180000,1990000,1810000,21720000,GVXA2,CANCELLED,,0,0,Moved to competitor,,2026-07-09,JKT,
7,31,2026-07-30,PNTKBD,Group 0314,Merak Travel 113,CORP,2026-12-08,2026-12-16,CGKDPSCGK,DPS,D,60,DPS,1592000,150000,180000,1922000,1742000,104520000,GRPUM,TICKETED,2026-08-08,60,19104000,,CRP0068,2026-08-13,JKT,2026-11-19
7,28,2026-07-07,ZDK3R9,Group 0315,Atlas Travel 101,CORP,2026-09-25,2026-10-04,CGKSUBCGK,SUB,D,10,SUB,1011000,150000,180000,1341000,1161000,11610000,GRPEC,TICKETED,2026-07-08,10,2022000,,CRP0007,2026-07-21,JKT,2026-09-15
9,36,2026-09-03,N9VGST,Group 0316,Sinar Travel 155,PRIVATE,2026-12-14,2026-12-22,CGKPDGCGK,PDG,D,45,MES,1838000,150000,180000,2168000,1988000,89460000,GRPEC,DEPOSIT,2026-09-10,45,16542000,,,2026-09-17,JKT,
2,5,2026-02-01,HEYNPN,Group 0317,Samudra Travel 056,AGENT,2026-03-25,2026-04-02,CGKSOCCGK,SOC,D,25,JKT,991000,150000,180000,1321000,1141000,28525000,GVXA1,TICKETED,2026-02-02,25,4955000,,,2026-02-15,JKT,2026-03-11
1,5,2026-01-31,GN6XZL,Group 0318,Orion Travel 111,AGENT,2026-06-15,2026-06-22,CGKSUBCGK,SUB,D,10,SUB,1465000,150000,180000,1795000,1615000,16150000,GVXA1,DEPOSIT,2026-02-07,10,2930000,,,2026-02-14,JKT,
1,2,2026-01-11,GKD2HQ,Group 0319,Samudra Travel 134,AGENT,2026-02-24,2026-02-27,CGKKNOCGK,KNO,D,10,MES,2292000,150000,180000,2622000,2442000,24420000,GVXA1,OPTION,,0,0,,,2026-01-25,JKT,
2,8,2026-02-18,J2YSSK,Group 0320,Kencana Travel 173,CORP,2026-03-25,2026-04-04,CGKHKGCGK,HKG,I,90,CTH,6085000,850000,1100000,8035000,6935000,624150000,GRPUM,DEPOSIT,2026-02-22,90,109530000,,CRP0067,2026-03-04,JKT,
5,20,2026-05-11,HWQUWC,Group 0321,Samudra Travel 081,AGENT,2026-10-04,2026-10-10,CGKYIACGK,YIA,D,30,JKT,982000,150000,180000,1312000,1132000,33960000,GVXA1,TICKETED,2026-05-17,30,5892000,,,2026-05-25,JKT,2026-09-25
9,39,2026-09-26,JRVUE3,Group 0322,Samudra Travel 163,PRIVATE,2027-02-28,2027-03-03,CGKPNKCGK,PNK,D,90,JKT,1263000,150000,180000,1593000,1413000,127170000,GVXA2,DEPOSIT,2026-10-03,90,22734000,,,2026-10-10,JKT,
8,32,2026-08-07,K85VAJ,Group 0323,Kenari Travel 045,PRIVATE,2026-11-05,2026-11-15,CGKKNOCGK,KNO,D,20,MES,2222000,150000,180000,2552000,2372000,47440000,GRPEC,CANCELLED,,0,0,Schedule change,,2026-08-21,JKT,
4,14,2026-04-04,JW48DR,Group 0324,Lestari Travel 043,AGENT,2026-10-06,2026-10-14,CGKDPSCGK,DPS,D,20,DPS,1434000,150000,180000,1764000,1584000,31680000,GRPUM,TICKETED,2026-04-09,20,5736000,,,2026-04-18,JKT,2026-09-27
3,12,2026-03-22,B3BL9T,Group 0325,Harmoni Travel 091,PRIVATE,2026-08-24,2026-08-31,CGKPDGCGK,PDG,D,25,MES,1697000,150000,180000,2027000,1847000,46175000,GRPUM,DEPOSIT,2026-03-29,25,8485000,,,2026-04-05,JKT,
4,15,2026-04-06,MH58TK,Group 0326,Bintang Travel 161,AGENT,2026-09-20,2026-09-28,CGKSRGCGK,SRG,D,15,JKT,803000,150000,180000,1133000,953000,14295000,GVXA2,TICKETED,2026-04-14,15,2409000,,,2026-04-20,JKT,2026-09-12
1,2,2026-01-09,LMGD2S,Group 0327,Angkasa Travel 160,AGENT,2026-07-22,2026-07-26,CGKSUBCGK,SUB,D,45,SUB,1266000,150000,180000,1596000,1416000,63720000,GRPUM,TICKETED,2026-01-17,45,11394000,,,2026-01-23,JKT,2026-07-07
4,15,2026-04-06,FNLSDE,Group 0328,Angkasa Travel 038,AGENT,2026-08-17,2026-08-24,CGKPNKCGK,PNK,D,40,JKT,1451000,150000,180000,1781000,1601000,64040000,GVXA2,TICKETED,2026-04-09,40,11608000,,,2026-04-20,JKT,2026-07-29
1,1,2026-01-03,H4ATWW,Group 0329,Kenari Travel 067,PRIVATE,2026-04-14,2026-04-20,CGKPLMCGK,PLM,D,20,MES,1293000,150000,180000,1623000,1443000,28860000,GRPUM,CANCELLED,,0,0,Group size dropped,,2026-01-17,JKT,
4,15,2026-04-11,CM3H6B,Group 0330,Pelangi Travel 092,CORP,2026-10-12,2026-10-23,CGKBDJCGK,BDJ,D,90,JKT,1380000,150000,180000,1710000,1530000,137700000,GVXA1,TICKETED,2026-04-15,90,24840000,,CRP0063,2026-04-25,JKT,2026-10-05
6,23,2026-06-02,AXC7ZK,Group 0331,Sinar Travel 000,AGENT,2026-10-01,2026-10-12,CGKSUBCGK,SUB,D,45,SUB,1220000,150000,180000,1550000,1370000,61650000,GVXA1,TICKETED,2026-06-07,45,10980000,,,2026-06-16,JKT,2026-09-12
4,15,2026-04-08,J49DXB,Group 0332,Orion Travel 111,AGENT,2026-08-17,2026-08-22,CGKSINCGK,SIN,I,30,ASA,3060000,850000,1100000,5010000,3910000,117300000,GRPUM,TICKETED,2026-04-16,30,18360000,,,2026-04-22,JKT,2026-08-10
8,33,2026-08-15,UA62DX,Group 0333,Harmoni Travel 047,CORP,2026-10-19,2026-10-28,CGKKNOCGK,KNO,D,90,MES,2165000,150000,180000,2495000,2315000,208350000,GRPEC,DEPOSIT,2026-08-17,90,38970000,,CRP0027,2026-08-29,JKT,
7,28,2026-07-07,P8UES3,Group 0334,Kenari Travel 152,CORP,2027-01-10,2027-01-18,CGKPDGCGK,PDG,D,30,MES,1279000,150000,180000,1609000,1429000,42870000,GRPUM,OPTION,,0,0,,CRP0049,2026-07-21,JKT,
8,33,2026-08-12,NVNBHR,Group 0335,Sentosa Travel 061,AGENT,2026-12-22,2026-12-27,CGKSINCGK,SIN,I,45,ASA,3433000,850000,1100000,5383000,4283000,192735000,GRPUM,DEPOSIT,2026-08-18,45,30897000,,,2026-08-26,JKT,
7,30,2026-07-20,MJUJJG,Group 0336,Lestari Travel 120,AGENT,2026-09-28,2026-10-06,CGKDPSCGK,DPS,D,45,DPS,1939000,150000,180000,2269000,2089000,94005000,GRPEC,DEPOSIT,2026-07-28,45,17451000,,,2026-08-03,JKT,
1,4,2026-01-23,M9EZGU,Group 0337,Atlas Travel 135,CORP,2026-04-03,2026-04-11,CGKUPGCGK,UPG,D,12,UPG,2157000,150000,180000,2487000,2307000,27684000,GVXA1,DEPOSIT,2026-01-31,12,5177000,,CRP0045,2026-02-06,JKT,
5,22,2026-05-29,WCYPSA,Group 0338,Permata Travel 094,AGENT,2026-11-06,2026-11-09,CGKNRTCGK,NRT,I,90,JPK,8453000,850000,1100000,10403000,9303000,837270000,GRPEC,DEPOSIT,2026-06-03,90,152154000,,,2026-06-12,JKT,
8,33,2026-08-10,VSUX3F,Group 0339,Sentosa Travel 061,CORP,2027-01-18,2027-01-25,CGKHKGCGK,HKG,I,40,CTH,7804000,850000,1100000,9754000,8654000,346160000,GVXA1,OPTION,,0,0,,CRP0020,2026-08-24,JKT,
2,6,2026-02-03,ZSRGVP,Group 0340,Kenari Travel 045,AGENT,2026-06-13,2026-06-20,CGKPLMCGK,PLM,D,25,MES,1316000,150000,180000,1646000,1466000,36650000,GRPUM,CANCELLED,,0,0,Group size dropped,,2026-02-17,JKT,
7,29,2026-07-14,Y9ZYMS,Group 0341,Orion Travel 149,CORP,2026-10-08,2026-10-13,CGKPVGCGK,PVG,I,45,CTH,7713000,850000,1100000,9663000,8563000,385335000,GVXA1,DEPOSIT,2026-07-21,45,69417000,,CRP0031,2026-07-28,JKT,
7,29,2026-07-17,84HZTQ,Group 0342,Sentosa Travel 013,CORP,2026-09-01,2026-09-05,CGKJEDCGK,JED,I,12,MEA,16290000,850000,1100000,18240000,17140000,205680000,GVXA2,DEPOSIT,2026-07-19,12,39096000,,CRP0014,2026-07-31,JKT,
9,36,2026-09-04,YT8JFE,Group 0343,Kenari Travel 166,AGENT,2027-02-18,2027-02-26,CGKBKKCGK,BKK,I,90,ASA,4524000,850000,1100000,6474000,5374000,483660000,GRPEC,CANCELLED,,0,0,Group size dropped,,2026-09-18,JKT,
4,16,2026-04-14,KWFPTC,Group 0344,Atlas Travel 136,AGENT,2026-10-04,2026-10-15,CGKHKGCGK,HKG,I,30,CTH,5632000,850000,1100000,7582000,6482000,194460000,GVXA1,TICKETED,2026-04-20,30,33792000,,,2026-04-28,JKT,2026-09-18
8,34,2026-08-22,A2NWPP,Group 0345,Atlas Travel 101,CORP,2026-11-07,2026-11-11,CGKDPSCGK,DPS,D,40,DPS,1913000,150000,180000,2243000,2063000,82520000,GVXA2,TICKETED,2026-08-27,40,15304000,,CRP0007,2026-09-05,JKT,2026-10-28
8,35,2026-08-30,G9ZS25,Group 0346,Nusa Travel 145,AGENT,2027-01-18,2027-01-29,CGKBDJCGK,BDJ,D,10,JKT,1716000,150000,180000,2046000,1866000,18660000,GVXA1,TICKETED,2026-08-31,10,3432000,,,2026-09-13,JKT,2027-01-10
6,23,2026-06-01,MP5KJ8,Group 0347,Angkasa Travel 020,AGENT,2026-10-16,2026-10-21,CGKDJJCGK,DJJ,D,40,UPG,3727000,150000,180000,4057000,3877000,155080000,GRPEC,TICKETED,2026-06-02,40,29816000,,,2026-06-15,JKT,2026-09-30
4,15,2026-04-12,CGWD5M,Group 0348,Nusa Travel 006,AGENT,2026-08-08,2026-08-18,CGKBTHCGK,BTH,D,10,MES,1349000,150000,180000,1679000,1499000,14990000,GVXA1,OPTION,,0,0,,,2026-04-26,JKT,
2,9,2026-02-23,KAXJAD,Group 0349,Merak Travel 113,AGENT,2026-04-04,2026-04-11,CGKKULCGK,KUL,I,20,ASA,3262000,850000,1100000,5212000,4112000,82240000,GRPEC,CANCELLED,,0,0,Price,,2026-03-09,JKT,
8,33,2026-08-12,3QNFH6,Group 0350,Orion Travel 111,AGENT,2027-01-11,2027-01-21,CGKDPSCGK,DPS,D,40,DPS,1350000,150000,180000,1680000,1500000,60000000,GVXA2,CANCELLED,,0,0,Moved to competitor,,2026-08-26,JKT,
4,15,2026-04-09,8KUUAZ,Group 0351,Delta Travel 044,AGENT,2026-09-13,2026-09-24,CGKSINCGK,SIN,I,60,ASA,2947000,850000,1100000,4897000,3797000,227820000,GVXA2,TICKETED,2026-04-17,60,35364000,,,2026-04-23,JKT,2026-09-06
1,5,2026-01-30,FN552E,Group 0352,Atlas Travel 098,AGENT,2026-05-30,2026-06-04,CGKSOCCGK,SOC,D,90,JKT,991000,150000,180000,1321000,1141000,102690000,GRPEC,CANCELLED,,0,0,Moved to competitor,,2026-02-13,JKT,
7,31,2026-07-29,QEJ9AZ,Group 0353,Lestari Travel 029,PRIVATE,2027-01-31,2027-02-06,CGKKNOCGK,KNO,D,40,MES,1651000,150000,180000,1981000,1801000,72040000,GVXA2,CANCELLED,,0,0,Price,,2026-08-12,JKT,
1,4,2026-01-22,K7PN7L,Group 0354,Harmoni Travel 074,AGENT,2026-03-21,2026-03-28,CGKKNOCGK,KNO,D,40,MES,2167000,150000,180000,2497000,2317000,92680000,GRPEC,CANCELLED,,0,0,Group size dropped,,2026-02-05,JKT,
4,15,2026-04-11,M63CHZ,Group 0355,Angkasa Travel 038,AGENT,2026-06-25,2026-07-06,CGKPNKCGK,PNK,D,10,JKT,1400000,150000,180000,1730000,1550000,15500000,GVXA1,DEPOSIT,2026-04-19,10,2800000,,,2026-04-25,JKT,
4,16,2026-04-15,UJT8XU,Group 0356,Atlas Travel 077,AGENT,2026-07-05,2026-07-08,CGKUPGCGK,UPG,D,30,UPG,1661000,150000,180000,1991000,1811000,54330000,GRPUM,TICKETED,2026-04-17,30,9966000,,,2026-04-29,JKT,2026-06-28
4,16,2026-04-14,ZSLEQJ,Group 0357,Angkasa Travel 126,CORP,2026-08-22,2026-08-29,CGKKULCGK,KUL,I,20,ASA,3455000,850000,1100000,5405000,4305000,86100000,GVXA2,DEPOSIT,2026-04-16,20,13820000,,CRP0040,2026-04-28,JKT,
3,11,2026-03-09,GHJZJN,Group 0358,Harmoni Travel 047,CORP,2026-05-10,2026-05-17,CGKYIACGK,YIA,D,90,JKT,1093000,150000,180000,1423000,1243000,111870000,GRPUM,DEPOSIT,2026-03-10,90,19674000,,CRP0033,2026-03-23,JKT,
9,36,2026-09-01,FPAYHM,Group 0359,Angkasa Travel 001,AGENT,2026-09-28,2026-10-06,CGKSINCGK,SIN,I,15,ASA,3390000,850000,1100000,5340000,4240000,63600000,GVXA2,TICKETED,2026-09-06,15,10170000,,,2026-09-15,JKT,2026-09-12
4,17,2026-04-20,GTKDD6,Group 0360,Lestari Travel 158,AGENT,2026-05-22,2026-06-01,CGKDOHCGK,DOH,I,20,MEA,13198000,850000,1100000,15148000,14048000,280960000,GVXA1,CANCELLED,,0,0,Moved to competitor,,2026-05-04,JKT,
3,12,2026-03-19,XK28EP,Group 0361,Rajawali Travel 036,AGENT,2026-07-26,2026-07-30,CGKUPGCGK,UPG,D,10,UPG,1587000,150000,180000,1917000,1737000,17370000,GRPUM,TICKETED,2026-03-25,10,3174000,,,2026-04-02,JKT,2026-07-18
6,26,2026-06-28,AKMLH2,Group 0362,Permata Travel 022,CORP,2026-07-22,2026-07-29,CGKSUBCGK,SUB,D,15,SUB,1099000,150000,180000,1429000,1249000,18735000,GVXA2,DEPOSIT,2026-07-03,15,3297000,,CRP0044,2026-07-12,JKT,
7,27,2026-07-03,8SA4ED,Group 0363,Kencana Travel 104,AGENT,2026-08-02,2026-08-13,CGKICNCGK,ICN,I,20,JPK,9342000,850000,1100000,11292000,10192000,203840000,GRPUM,TICKETED,2026-07-07,20,37368000,,,2026-07-17,JKT,2026-07-21
6,23,2026-06-04,YGGK5T,Group 0364,Cahaya Travel 129,AGENT,2026-06-29,2026-07-09,CGKPLMCGK,PLM,D,10,MES,1251000,150000,180000,1581000,1401000,14010000,GRPEC,DEPOSIT,2026-06-08,10,2502000,,,2026-06-18,JKT,
3,13,2026-03-24,YN69BE,Group 0365,Lestari Travel 158,AGENT,2026-09-19,2026-09-29,CGKJEDCGK,JED,I,10,MEA,14783000,850000,1100000,16733000,15633000,156330000,GVXA1,OPTION,,0,0,,,2026-04-07,JKT,
7,28,2026-07-08,WZTEK7,Group 0366,Zenith Travel 154,PRIVATE,2027-01-22,2027-01-27,CGKPNKCGK,PNK,D,30,JKT,1126000,150000,180000,1456000,1276000,38280000,GRPUM,TICKETED,2026-07-09,30,6756000,,,2026-07-22,JKT,2027-01-07
3,13,2026-03-23,PUK2CX,Group 0367,Kencana Travel 042,AGENT,2026-09-23,2026-10-01,CGKAMSCGK,AMS,I,40,EUR,16139000,850000,1100000,18089000,16989000,679560000,GVXA2,DEPOSIT,2026-03-28,40,129112000,,,2026-04-06,JKT,
1,4,2026-01-20,UYT9S2,Group 0368,Orion Travel 117,AGENT,2026-04-26,2026-05-02,CGKPLMCGK,PLM,D,15,MES,998000,150000,180000,1328000,1148000,17220000,GVXA2,TICKETED,2026-01-25,15,2994000,,,2026-02-03,JKT,2026-04-11
2,7,2026-02-11,5ZCESF,Group 0369,Delta Travel 141,AGENT,2026-03-05,2026-03-09,CGKPLMCGK,PLM,D,40,MES,1186000,150000,180000,1516000,1336000,53440000,GVXA1,DEPOSIT,2026-02-18,40,9488000,,,2026-02-25,JKT,
9,36,2026-09-04,DTUSY6,Group 0370,Pelangi Travel 165,CORP,2027-02-16,2027-02-24,CGKSUBCGK,SUB,D,25,SUB,1184000,150000,180000,1514000,1334000,33350000,GRPEC,DEPOSIT,2026-09-10,25,5920000,,CRP0021,2026-09-18,JKT,
6,24,2026-06-08,7UTRDA,Group 0371,Kenari Travel 133,PRIVATE,2026-09-06,2026-09-10,CGKUPGCGK,UPG,D,60,UPG,1689000,150000,180000,2019000,1839000,110340000,GVXA1,OPTION,,0,0,,,2026-06-22,JKT,
3,13,2026-03-28,BHN7Q3,Group 0372,Harmoni Travel 047,AGENT,2026-05-31,2026-06-07,CGKDPSCGK,DPS,D,15,DPS,1958000,150000,180000,2288000,2108000,31620000,GVXA1,TICKETED,2026-04-01,15,5874000,,,2026-04-11,JKT,2026-05-16
9,36,2026-09-01,U55TJD,Group 0373,Harmoni Travel 074,AGENT,2027-01-01,2027-01-12,CGKSUBCGK,SUB,D,45,SUB,1346000,150000,180000,1676000,1496000,67320000,GVXA2,CANCELLED,,0,0,Group size dropped,,2026-09-15,JKT,
6,27,2026-06-30,U9DLER,Group 0374,Lestari Travel 029,AGENT,2026-10-15,2026-10-25,CGKSINCGK,SIN,I,45,ASA,4326000,850000,1100000,6276000,5176000,232920000,GVXA1,DEPOSIT,2026-07-05,45,38934000,,,2026-07-14,JKT,
8,35,2026-08-25,Q29LFC,Group 0375,Mentari Travel 132,CORP,2026-12-02,2026-12-06,CGKDPSCGK,DPS,D,40,DPS,1243000,150000,180000,1573000,1393000,55720000,GRPEC,TICKETED,2026-09-01,40,9944000,,CRP0038,2026-09-08,JKT,2026-11-17
1,3,2026-01-15,2W48XY,Group 0376,Kencana Travel 097,AGENT,2026-04-28,2026-05-04,CGKBPNCGK,BPN,D,20,UPG,2224000,150000,180000,2554000,2374000,47480000,GVXA1,DEPOSIT,2026-01-17,20,8896000,,,2026-01-29,JKT,
9,36,2026-09-03,3MGXJH,Group 0377,Cahaya Travel 033,PRIVATE,2026-11-03,2026-11-12,CGKPVGCGK,PVG,I,45,CTH,7140000,850000,1100000,9090000,7990000,359550000,GRPEC,TICKETED,2026-09-08,45,64260000,,,2026-09-17,JKT,2026-10-18
2,5,2026-02-01,H2K6XN,Group 0378,Samudra Travel 168,PRIVATE,2026-04-19,2026-04-26,CGKDJJCGK,DJJ,D,25,UPG,4754000,150000,180000,5084000,4904000,122600000,GVXA2,CANCELLED,,0,0,Group size dropped,,2026-02-15,JKT,
4,18,2026-04-30,N774JA,Group 0379,Bintang Travel 171,AGENT,2026-07-24,2026-07-30,CGKDJJCGK,DJJ,D,90,UPG,4009000,150000,180000,4339000,4159000,374310000,GVXA2,OPTION,,0,0,,,2026-05-14,JKT,
2,8,2026-02-22,2HMYAN,Group 0380,Permata Travel 096,AGENT,2026-07-04,2026-07-13,CGKSUBCGK,SUB,D,20,SUB,1017000,150000,180000,1347000,1167000,23340000,GRPUM,TICKETED,2026-02-23,20,4068000,,,2026-03-08,JKT,2026-06-17
8,33,2026-08-10,27T9XQ,Group 0381,Samudra Travel 168,AGENT,2026-10-26,2026-11-01,CGKYIACGK,YIA,D,15,JKT,1017000,150000,180000,1347000,1167000,17505000,GVXA2,OPTION,,0,0,,,2026-08-24,JKT,
4,17,2026-04-26,AZNP53,Group 0382,Sentosa Travel 147,PRIVATE,2026-07-25,2026-08-05,CGKPKUCGK,PKU,D,90,MES,1709000,150000,180000,2039000,1859000,167310000,GVXA2,TICKETED,2026-04-27,90,30762000,,,2026-05-10,JKT,2026-07-17
3,10,2026-03-04,BVNM99,Group 0383,Bintang Travel 075,CORP,2026-04-22,2026-04-26,CGKDOHCGK,DOH,I,12,MEA,12293000,850000,1100000,14243000,13143000,157716000,GRPEC,TICKETED,2026-03-11,12,29503000,,CRP0054,2026-03-18,JKT,2026-04-05
3,12,2026-03-19,VJVMSR,Group 0384,Nusa Travel 151,CORP,2026-07-19,2026-07-26,CGKSUBCGK,SUB,D,40,SUB,1466000,150000,180000,1796000,1616000,64640000,GRPEC,TICKETED,2026-03-27,40,11728000,,CRP0038,2026-04-02,JKT,2026-07-10
3,10,2026-03-06,HCZBNA,Group 0385,Sentosa Travel 041,CORP,2026-07-05,2026-07-09,CGKKNOCGK,KNO,D,30,MES,1775000,150000,180000,2105000,1925000,57750000,GVXA2,DEPOSIT,2026-03-10,30,10650000,,CRP0016,2026-03-20,JKT,
2,5,2026-02-01,FRXMAT,Group 0386,Kenari Travel 052,AGENT,2026-04-27,2026-05-02,CGKKNOCGK,KNO,D,25,MES,1737000,150000,180000,2067000,1887000,47175000,GRPUM,OPTION,,0,0,,,2026-02-15,JKT,
1,4,2026-01-21,6H5U6D,Group 0387,Rajawali Travel 036,AGENT,2026-06-23,2026-07-01,CGKSINCGK,SIN,I,25,ASA,3047000,850000,1100000,4997000,3897000,97425000,GRPEC,TICKETED,2026-01-29,25,15235000,,,2026-02-04,JKT,2026-06-16
9,37,2026-09-12,S6J5A5,Group 0388,Merak Travel 144,CORP,2027-03-27,2027-04-05,CGKYIACGK,YIA,D,60,JKT,1121000,150000,180000,1451000,1271000,76260000,GRPEC,OPTION,,0,0,,CRP0066,2026-09-26,JKT,
4,17,2026-04-20,JD95LS,Group 0389,Pelangi Travel 137,AGENT,2026-06-22,2026-06-30,CGKDPSCGK,DPS,D,20,DPS,1923000,150000,180000,2253000,2073000,41460000,GVXA2,TICKETED,2026-04-24,20,7692000,,,2026-05-04,JKT,2026-06-07
2,7,2026-02-11,B3XVFZ,Group 0390,Atlas Travel 136,AGENT,2026-03-08,2026-03-16,CGKPDGCGK,PDG,D,30,MES,1531000,150000,180000,1861000,1681000,50430000,GRPUM,TICKETED,2026-02-17,30,9186000,,,2026-02-25,JKT,2026-02-28
5,19,2026-05-09,9TK6C9,Group 0391,Zenith Travel 154,AGENT,2026-06-13,2026-06-16,CGKSUBCGK,SUB,D,15,SUB,1183000,150000,180000,1513000,1333000,19995000,GRPEC,TICKETED,2026-05-16,15,3549000,,,2026-05-23,JKT,2026-05-28
4,17,2026-04-24,Y4L8XA,Group 0392,Nusa Travel 103,AGENT,2026-08-06,2026-08-16,CGKKULCGK,KUL,I,40,ASA,3974000,850000,1100000,5924000,4824000,192960000,GRPUM,OPTION,,0,0,,,2026-05-08,JKT,
8,34,2026-08-20,DWG947,Group 0393,Zenith Travel 108,AGENT,2027-02-28,2027-03-05,CGKUPGCGK,UPG,D,40,UPG,1845000,150000,180000,2175000,1995000,79800000,GRPUM,OPTION,,0,0,,,2026-09-03,JKT,
2,6,2026-02-07,GTC52K,Group 0394,Kencana Travel 104,PRIVATE,2026-05-27,2026-06-04,CGKDPSCGK,DPS,D,15,DPS,1417000,150000,180000,1747000,1567000,23505000,GVXA2,TICKETED,2026-02-10,15,4251000,,,2026-02-21,JKT,2026-05-08
7,27,2026-07-05,BCCEXU,Group 0395,Bintang Travel 059,AGENT,2026-12-05,2026-12-15,CGKBTHCGK,BTH,D,40,MES,1658000,150000,180000,1988000,1808000,72320000,GRPUM,TICKETED,2026-07-13,40,13264000,,,2026-07-19,JKT,2026-11-20
4,15,2026-04-06,F33Q64,Group 0396,Harmoni Travel 121,AGENT,2026-06-25,2026-07-03,CGKHKGCGK,HKG,I,10,CTH,6865000,850000,1100000,8815000,7715000,77150000,GRPEC,TICKETED,2026-04-13,10,13730000,,,2026-04-20,JKT,2026-06-17
3,11,2026-03-10,A5BEWU,Group 0397,Atlas Travel 136,CORP,2026-04-02,2026-04-07,CGKBPNCGK,BPN,D,15,UPG,2368000,150000,180000,2698000,2518000,37770000,GVXA1,TICKETED,2026-03-16,15,7104000,,CRP0011,2026-03-24,JKT,2026-03-17
4,15,2026-04-09,V86XK2,Group 0398,Kencana Travel 159,CORP,2026-05-22,2026-06-02,CGKSINCGK,SIN,I,40,ASA,2836000,850000,1100000,4786000,3686000,147440000,GRPEC,OPTION,,0,0,,CRP0054,2026-04-23,JKT,
2,8,2026-02-17,YF2BW3,Group 0399,Bintang Travel 082,CORP,2026-04-23,2026-05-01,CGKPDGCGK,PDG,D,90,MES,1829000,150000,180000,2159000,1979000,178110000,GRPEC,CANCELLED,,0,0,Schedule change,CRP0001,2026-03-03,JKT,
2,7,2026-02-14,44X2JZ,Group 0400,Delta Travel 044,AGENT,2026-08-21,2026-08-26,CGKPLMCGK,PLM,D,10,MES,854000,150000,180000,1184000,1004000,10040000,GVXA1,DEPOSIT,2026-02-18,10,1708000,,,2026-02-28,JKT,
6,26,2026-06-22,8HRC77,Group 0401,Nusa Travel 040,AGENT,2026-11-23,2026-12-04,CGKJEDCGK,JED,I,30,MEA,16422000,850000,1100000,18372000,17272000,518160000,GVXA1,TICKETED,2026-06-28,30,98532000,,,2026-07-06,JKT,2026-11-08
5,20,2026-05-11,S9JZHE,Group 0402,Zenith Travel 027,AGENT,2026-06-08,2026-06-14,CGKKULCGK,KUL,I,25,ASA,3735000,850000,1100000,5685000,4585000,114625000,GRPEC,TICKETED,2026-05-15,25,18675000,,,2026-05-25,JKT,2026-05-31
3,12,2026-03-16,RX9DM4,Group 0403,Cahaya Travel 033,AGENT,2026-05-01,2026-05-05,CGKDPSCGK,DPS,D,12,DPS,1368000,150000,180000,1698000,1518000,18216000,GVXA2,TICKETED,2026-03-21,12,3283000,,,2026-03-30,JKT,2026-04-19
8,32,2026-08-06,A9RKX5,Group 0404,Sinar Travel 014,PRIVATE,2026-08-28,2026-09-06,CGKLOPCGK,LOP,D,10,DPS,1468000,150000,180000,1798000,1618000,16180000,GVXA2,TICKETED,2026-08-08,10,2936000,,,2026-08-20,JKT,2026-08-14
6,26,2026-06-22,WB8G3M,Group 0405,Delta Travel 087,AGENT,2026-12-31,2027-01-08,CGKSRGCGK,SRG,D,15,JKT,962000,150000,180000,1292000,1112000,16680000,GVXA2,TICKETED,2026-06-25,15,2886000,,,2026-07-06,JKT,2026-12-12
4,16,2026-04-13,6SHJK6,Group 0406,Samudra Travel 025,PRIVATE,2026-05-11,2026-05-14,CGKJEDCGK,JED,I,20,MEA,11775000,850000,1100000,13725000,12625000,252500000,GVXA2,TICKETED,2026-04-18,20,47100000,,,2026-04-27,JKT,2026-05-03
5,22,2026-05-28,SAG2FB,Group 0407,Bintang Travel 011,AGENT,2026-10-19,2026-10-29,CGKKNOCGK,KNO,D,10,MES,1714000,150000,180000,2044000,1864000,18640000,GVXA2,DEPOSIT,2026-06-02,10,3428000,,,2026-06-11,JKT,
9,39,2026-09-22,TRYH92,Group 0408,Delta Travel 087,AGENT,2027-01-11,2027-01-21,CGKKNOCGK,KNO,D,90,MES,1825000,150000,180000,2155000,1975000,177750000,GRPUM,OPTION,,0,0,,,2026-10-06,JKT,
7,31,2026-07-28,2MD7SU,Group 0409,Samudra Travel 134,PRIVATE,2026-08-19,2026-08-30,CGKDPSCGK,DPS,D,30,DPS,1838000,150000,180000,2168000,1988000,59640000,GVXA2,DEPOSIT,2026-08-03,30,11028000,,,2026-08-11,JKT,
7,27,2026-07-02,FBMR5G,Group 0410,Cahaya Travel 129,AGENT,2026-10-05,2026-10-14,CGKYIACGK,YIA,D,90,JKT,1225000,150000,180000,1555000,1375000,123750000,GRPUM,CANCELLED,,0,0,Price,,2026-07-16,JKT,
5,21,2026-05-19,AFQXM9,Group 0411,Kenari Travel 034,AGENT,2026-10-27,2026-11-07,CGKDPSCGK,DPS,D,45,DPS,1320000,150000,180000,1650000,1470000,66150000,GRPUM,OPTION,,0,0,,,2026-06-02,JKT,
4,17,2026-04-20,WSKAUJ,Group 0412,Rajawali Travel 069,AGENT,2026-06-29,2026-07-08,CGKPNKCGK,PNK,D,45,JKT,1119000,150000,180000,1449000,1269000,57105000,GVXA2,TICKETED,2026-04-25,45,10071000,,,2026-05-04,JKT,2026-06-11
4,17,2026-04-20,U7Q87Q,Group 0413,Merak Travel 070,AGENT,2026-05-13,2026-05-23,CGKKULCGK,KUL,I,30,ASA,3381000,850000,1100000,5331000,4231000,126930000,GRPUM,DEPOSIT,2026-04-28,30,20286000,,,2026-05-04,JKT,
6,24,2026-06-14,XF2UNB,Group 0414,Samudra Travel 105,CORP,2026-12-30,2027-01-10,CGKDJJCGK,DJJ,D,12,UPG,3214000,150000,180000,3544000,3364000,40368000,GVXA2,OPTION,,0,0,,CRP0056,2026-06-28,JKT,
7,30,2026-07-25,LMT5JK,Group 0415,Mentari Travel 132,AGENT,2026-08-25,2026-09-03,CGKSINCGK,SIN,I,90,ASA,3273000,850000,1100000,5223000,4123000,371070000,GRPUM,OPTION,,0,0,,,2026-08-08,JKT,
1,2,2026-01-05,P6QE6Z,Group 0416,Nusa Travel 004,CORP,2026-02-27,2026-03-09,CGKUPGCGK,UPG,D,30,UPG,2477000,150000,180000,2807000,2627000,78810000,GRPEC,DEPOSIT,2026-01-12,30,14862000,,CRP0025,2026-01-19,JKT,
9,36,2026-09-01,EYDWJS,Group 0417,Mentari Travel 054,AGENT,2026-12-07,2026-12-16,CGKHKGCGK,HKG,I,45,CTH,5684000,850000,1100000,7634000,6534000,294030000,GVXA2,TICKETED,2026-09-09,45,51156000,,,2026-09-15,JKT,2026-11-21
7,30,2026-07-24,8DL76U,Group 0418,Pelangi Travel 080,AGENT,2026-09-28,2026-10-02,CGKYIACGK,YIA,D,30,JKT,1067000,150000,180000,1397000,1217000,36510000,GRPUM,CANCELLED,,0,0,Schedule change,,2026-08-07,JKT,
2,7,2026-02-15,SYB7LF,Group 0419,Atlas Travel 101,AGENT,2026-06-14,2026-06-19,CGKBKKCGK,BKK,I,60,ASA,3496000,850000,1100000,5446000,4346000,260760000,GRPEC,TICKETED,2026-02-20,60,41952000,,,2026-03-01,JKT,2026-06-01
7,28,2026-07-08,HEVE3B,Group 0420,Sinar Travel 002,CORP,2026-10-16,2026-10-23,CGKPNKCGK,PNK,D,15,JKT,1340000,150000,180000,1670000,1490000,22350000,GVXA1,OPTION,,0,0,,CRP0022,2026-07-22,JKT,
